Z,transit_base,transit_1ft,transit_2ft,transit_3ft,transit_4ft,transit_5ft,transit_6ft
1.0,0.33262,0.29108,0.28697,0.2384,0.16823,0.05533,0.0
2.0,0.34612,0.3015,0.29399,0.24407,0.17125,0.05785,0.0
3.0,0.3282,0.28776,0.28281,0.23596,0.16482,0.06367,0.0
4.0,0.32659,0.28656,0.28096,0.23552,0.16406,0.06113,0.0
5.0,0.30719,0.2693,0.25868,0.20954,0.1527,0.0,0.0
6.0,0.3209,0.27872,0.26435,0.21326,0.14219,0.0,0.0
7.0,0.0,0.0,0.0,0.0,0.0,0.0,0.0
8.0,0.345,0.29352,0.27874,0.24335,0.16333,0.07782,0.04941
9.0,0.34838,0.29283,0.27744,0.24231,0.16382,0.07633,0.0
10.0,0.33286,0.29063,0.27792,0.24148,0.15899,0.06862,0.0
11.0,0.33078,0.28189,0.27405,0.22197,0.14939,0.07587,0.04715
12.0,0.33785,0.28456,0.27389,0.22246,0.14985,0.07193,0.0
13.0,0.33668,0.28494,0.27225,0.22369,0.0,0.0,0.0
14.0,0.33747,0.28427,0.27419,0.22295,0.15124,0.08555,0.05003
15.0,0.33173,0.28314,0.27059,0.22625,0.15835,0.10036,0.05026
16.0,0.35238,0.30556,0.29708,0.24516,0.17252,0.09838,0.04794
17.0,0.34135,0.30116,0.29615,0.24559,0.17218,0.06642,0.0
18.0,0.32757,0.28699,0.2832,0.23272,0.16191,0.09842,0.04773
19.0,0.32167,0.27919,0.26743,0.22804,0.15717,0.10363,0.04973
20.0,0.32735,0.28642,0.28253,0.23161,0.15994,0.09823,0.04763
21.0,0.31762,0.28251,0.27509,0.23085,0.15698,0.1017,0.0474
22.0,0.35509,0.30627,0.30134,0.25307,0.17604,0.10368,0.04807
23.0,0.35426,0.30707,0.29865,0.24242,0.16608,0.10472,0.04911
24.0,0.33939,0.30009,0.29372,0.24372,0.16998,0.07305,0.0
25.0,0.34062,0.30078,0.29315,0.24225,0.16608,0.0,0.0
26.0,0.34922,0.30462,0.29668,0.2432,0.16906,0.10336,0.04886
27.0,0.33576,0.29183,0.27885,0.2358,0.16737,0.10249,0.04927
28.0,0.34834,0.30792,0.29854,0.24528,0.17253,0.10372,0.04909
29.0,0.34644,0.30471,0.29708,0.2441,0.17134,0.1028,0.04817
30.0,0.34931,0.30453,0.29728,0.24457,0.17012,0.10439,0.04913
31.0,0.34729,0.30331,0.29339,0.24355,0.16879,0.10218,0.04828
32.0,0.34487,0.29499,0.28145,0.24193,0.16286,0.09238,0.04893
33.0,0.34016,0.30198,0.29761,0.24958,0.17719,0.10547,0.04922
34.0,0.34814,0.29479,0.28226,0.23978,0.16167,0.08886,0.04523
35.0,0.34932,0.30399,0.29149,0.24539,0.16609,0.10673,0.04907
36.0,0.34441,0.29922,0.28784,0.24413,0.16625,0.10778,0.05061
37.0,0.35548,0.31176,0.29681,0.24454,0.16784,0.1061,0.04845
38.0,0.34557,0.30679,0.29775,0.25799,0.1817,0.1138,0.04856
39.0,0.34167,0.30105,0.29209,0.24616,0.17093,0.0961,0.0
40.0,0.34639,0.30568,0.29538,0.25195,0.1753,0.09835,0.0474
41.0,0.35088,0.30775,0.30046,0.25518,0.17628,0.10406,0.0
42.0,0.35128,0.31104,0.30301,0.26063,0.18151,0.10205,0.04908
43.0,0.31497,0.27238,0.23882,0.0,0.0,0.0,0.0
44.0,0.31963,0.2728,0.0,0.0,0.0,0.0,0.0
45.0,0.31075,0.27668,0.26328,0.23459,0.14658,0.0,0.0
46.0,0.34459,0.30571,0.29669,0.25032,0.17311,0.11714,0.03227
47.0,0.34084,0.30391,0.29189,0.2517,0.17666,0.11358,0.00312
48.0,0.3197,0.28729,0.2785,0.2398,0.15228,0.0,0.0
49.0,0.32254,0.28666,0.27636,0.23837,0.16359,0.11625,0.0
50.0,0.35106,0.3114,0.30164,0.26029,0.18316,0.11279,0.02299
51.0,0.35726,0.31753,0.30719,0.26157,0.18444,0.11788,0.0
52.0,0.35887,0.31814,0.3066,0.26337,0.18526,0.13379,0.02801
53.0,0.32419,0.28835,0.27285,0.24402,0.17845,0.12953,0.01714
54.0,0.33723,0.30151,0.2926,0.25681,0.18257,0.1322,0.03064
55.0,0.34056,0.31006,0.29503,0.25249,0.17554,0.12414,0.02253
56.0,0.32907,0.29624,0.28486,0.25686,0.1828,0.13246,0.0281
57.0,0.34557,0.30687,0.29765,0.26104,0.18458,0.1331,0.02059
58.0,0.33827,0.30348,0.29475,0.2578,0.1839,0.13356,0.03668
59.0,0.34471,0.30817,0.29913,0.26081,0.18226,0.11153,0.0
60.0,0.33805,0.30361,0.29467,0.25843,0.18086,0.11782,0.00416
61.0,0.33213,0.30177,0.29109,0.25891,0.18467,0.13368,0.03586
62.0,0.33033,0.30077,0.28824,0.24668,0.16977,0.07864,0.0
63.0,0.32095,0.29425,0.28441,0.24593,0.16766,0.09309,0.0
64.0,0.30748,0.28295,0.27028,0.24231,0.16868,0.05543,0.0
65.0,0.31857,0.29235,0.27875,0.25598,0.17965,0.09692,0.0
66.0,0.30454,0.26514,0.25657,0.23302,0.15899,0.0,0.0
67.0,0.30394,0.28385,0.26894,0.24049,0.16957,0.05592,0.0
68.0,0.295,0.26863,0.25807,0.23644,0.16421,0.05632,0.0
69.0,0.26698,0.23853,0.2255,0.19154,0.00107,0.00027,0.0
70.0,0.25776,0.23483,0.21764,0.18037,0.0013,0.0,0.0
71.0,0.281,0.2491,0.2343,0.19062,0.00125,0.00077,0.0004
72.0,0.24467,0.22452,0.20898,0.17566,0.00232,0.00106,0.00063
73.0,0.25002,0.22857,0.21087,0.18169,0.00074,0.0003,0.0
74.0,0.24989,0.2287,0.21129,0.1821,0.00125,0.0,0.0
75.0,0.26815,0.23916,0.22491,0.19192,0.00074,0.00071,0.00069
76.0,0.07771,0.07656,0.0682,0.05742,0.00033,0.0,0.0
77.0,0.23949,0.22587,0.203,0.07169,0.0,0.0,0.0
78.0,0.22966,0.20671,0.19532,0.15546,0.00081,0.0,0.0
79.0,0.25261,0.22772,0.21335,0.18158,0.00201,0.0,0.0
80.0,0.0,0.0,0.0,0.0,0.0,0.0,0.0
81.0,0.2707,0.25016,0.22875,0.15585,0.01125,0.00309,0.0
82.0,0.30159,0.26597,0.26224,0.21497,0.14231,0.00284,0.00168
83.0,0.25832,0.23708,0.21523,0.18902,0.00898,0.00299,0.00199
84.0,0.26393,0.24578,0.22639,0.1978,0.03182,0.00293,0.00183
85.0,0.22925,0.19492,0.18968,0.0,0.0,0.0,0.0
86.0,0.28854,0.26272,0.24976,0.21542,0.12782,0.02088,0.00604
87.0,0.30516,0.27544,0.26652,0.1693,0.0,0.0,0.0
88.0,0.27474,0.25339,0.23637,0.17451,0.05174,0.03863,0.03841
89.0,0.32785,0.29354,0.28325,0.25726,0.18063,0.13484,0.0209
90.0,0.31982,0.28729,0.27672,0.25264,0.17786,0.12744,0.00438
91.0,0.30921,0.27478,0.26669,0.19825,0.02127,0.0,0.0
92.0,0.31003,0.2765,0.26891,0.1901,0.12472,0.0,0.0
93.0,0.31955,0.2879,0.27842,0.25696,0.18008,0.13248,0.06087
94.0,0.29651,0.26418,0.24371,0.23242,0.16896,0.10241,0.05797
95.0,0.2919,0.26746,0.25001,0.23126,0.16731,0.11317,0.05537
96.0,0.30257,0.27309,0.25615,0.23933,0.1753,0.12171,0.0633
97.0,0.29279,0.26647,0.25029,0.2326,0.17219,0.10914,0.06103
98.0,0.29805,0.26813,0.25323,0.22697,0.17348,0.10855,0.06274
99.0,0.30377,0.27754,0.25976,0.24353,0.17921,0.11491,0.06756
100.0,0.26352,0.2444,0.2255,0.21944,0.16756,0.08011,0.05927
101.0,0.27052,0.24618,0.22581,0.15315,0.05976,0.04379,0.04469
102.0,0.25218,0.16354,0.0,0.0,0.0,0.0,0.0
103.0,0.29603,0.1683,0.0,0.0,0.0,0.0,0.0
104.0,0.26291,0.21026,0.13958,0.05111,0.0326,0.02658,0.0418
105.0,0.26414,0.23446,0.20864,0.09309,0.03847,0.03119,0.0457
106.0,0.25943,0.23127,0.20129,0.14891,0.05036,0.04873,0.05427
107.0,0.21651,0.14787,0.04273,0.02775,0.02166,0.02372,0.02752
108.0,0.20713,0.1649,0.10612,0.04618,0.03025,0.0296,0.04318
109.0,0.23899,0.20824,0.17792,0.06457,0.03972,0.03661,0.04675
110.0,0.21627,0.18212,0.16975,0.0576,0.05321,0.05292,0.05135
111.0,0.18504,0.14492,0.14007,0.05119,0.04901,0.0467,0.04708
112.0,0.02898,0.02333,0.02227,0.0166,0.00203,0.01134,0.01732
113.0,0.1435,0.09997,0.08026,0.03472,0.02538,0.0249,0.03364
114.0,0.15889,0.14731,0.14416,0.05098,0.03584,0.04734,0.04808
115.0,0.29414,0.23512,0.22182,0.20951,0.15275,0.05523,0.03317
116.0,0.31197,0.28929,0.27221,0.25269,0.1777,0.09913,0.05689
117.0,0.32061,0.29264,0.28139,0.25962,0.17775,0.10935,0.04649
118.0,0.30978,0.27922,0.27062,0.24665,0.17151,0.0939,0.05104
119.0,0.27069,0.23138,0.21966,0.21081,0.15617,0.06502,0.04388
120.0,0.26739,0.2475,0.24152,0.2247,0.16263,0.07157,0.04848
121.0,0.25514,0.18483,0.16752,0.15857,0.13655,0.05366,0.03631
122.0,0.23565,0.21978,0.21849,0.20807,0.15532,0.06585,0.04434
123.0,0.25491,0.23785,0.22863,0.21929,0.15685,0.06736,0.04413
124.0,0.31956,0.28659,0.27926,0.25463,0.17733,0.10154,0.05757
125.0,0.17569,0.11192,0.10746,0.10701,0.09877,0.0237,0.01872
126.0,0.23592,0.21592,0.20544,0.2039,0.15671,0.06867,0.0468
127.0,0.24647,0.22742,0.21307,0.19972,0.15469,0.06168,0.04433
128.0,0.25891,0.23823,0.2256,0.21712,0.15532,0.06831,0.04576
129.0,0.1742,0.13912,0.10733,0.13511,0.12268,0.0475,0.0344
130.0,0.24609,0.22781,0.21115,0.20035,0.15028,0.06041,0.03769
131.0,0.30434,0.27459,0.26457,0.24854,0.17585,0.09631,0.05792
132.0,0.26825,0.24782,0.233,0.22418,0.16358,0.08258,0.06011
133.0,0.28882,0.2646,0.24894,0.22842,0.16388,0.07486,0.0475
134.0,0.31504,0.28312,0.27471,0.25345,0.17706,0.10037,0.05573
135.0,0.29965,0.27369,0.26347,0.24747,0.17442,0.09199,0.05593
136.0,0.29401,0.26913,0.2538,0.23468,0.17032,0.07887,0.05267
137.0,0.25435,0.23452,0.21717,0.20433,0.15844,0.06176,0.0483
138.0,0.00288,0.00288,0.00288,0.00288,0.00288,0.00288,0.00288
139.0,0.29667,0.27191,0.25476,0.23739,0.16868,0.08002,0.05081
140.0,0.2977,0.26943,0.2505,0.2303,0.16399,0.07303,0.04835
141.0,0.31456,0.28172,0.26742,0.25015,0.17163,0.08107,0.05048
142.0,0.29366,0.24899,0.07452,0.06064,0.00334,0.0,0.0
143.0,0.30429,0.26251,0.06388,0.04675,0.00334,0.0,0.0
144.0,0.29075,0.24807,0.01048,0.01036,0.0033,0.0,0.0
145.0,0.25379,0.21973,0.01003,0.00992,0.00188,0.0,0.0
146.0,0.30833,0.2764,0.23052,0.20501,0.13758,0.0,0.0
147.0,0.28144,0.23935,0.0114,0.01054,0.00096,0.0,0.0
148.0,0.24223,0.21407,0.21265,0.18714,0.1411,0.00247,0.0
149.0,0.22439,0.20762,0.16854,0.14461,0.10701,0.0,0.0
150.0,0.29235,0.26211,0.24068,0.21245,0.1333,0.0,0.0
151.0,0.28623,0.24338,0.22816,0.20275,0.14247,0.00137,0.00135
152.0,0.28326,0.04414,0.03246,0.03187,0.0,0.0,0.0
153.0,0.26259,0.23428,0.21516,0.19218,0.14099,0.00194,0.00177
154.0,0.25631,0.22773,0.20705,0.17735,0.13571,0.00179,0.00161
155.0,0.24469,0.22579,0.19229,0.16183,0.13384,0.0023,0.00213
156.0,0.29037,0.11492,0.1021,0.09056,0.02113,0.00057,0.0
157.0,0.29632,0.20155,0.18713,0.17417,0.14769,0.02908,0.00633
158.0,0.31344,0.14697,0.12409,0.14169,0.02696,0.01232,0.01154
159.0,0.27603,0.11874,0.10724,0.10655,0.09394,0.0323,0.03417
160.0,0.27381,0.20064,0.18301,0.17518,0.14725,0.06041,0.04051
161.0,0.24734,0.07912,0.07656,0.07227,0.0541,0.02903,0.02313
162.0,0.27687,0.07844,0.06636,0.05972,0.02859,0.01307,0.0123
163.0,0.24612,0.04816,0.03792,0.03506,0.01675,0.0125,0.00915
164.0,0.25095,0.04792,0.03642,0.03359,0.01538,0.01056,0.00782
165.0,0.25864,0.05247,0.04119,0.03782,0.0135,0.0,0.0
166.0,0.21245,0.03762,0.02863,0.02844,0.02209,0.01583,0.01469
167.0,0.25884,0.12111,0.11052,0.10794,0.06448,0.03107,0.02235
168.0,0.22445,0.15564,0.12291,0.14334,0.12926,0.05015,0.03691
169.0,0.22963,0.04758,0.03242,0.03513,0.02188,0.01562,0.01257
170.0,0.20229,0.1817,0.17201,0.16402,0.14936,0.05441,0.03567
171.0,0.26475,0.11059,0.07154,0.11455,0.06364,0.03009,0.02229
172.0,0.25205,0.04815,0.03756,0.03452,0.01627,0.00923,0.00883
173.0,0.17813,0.11956,0.11947,0.1087,0.10122,0.02631,0.02274
174.0,0.23652,0.14663,0.13338,0.13048,0.11514,0.03263,0.02336
175.0,0.25999,0.07738,0.06641,0.06426,0.04355,0.02138,0.01767
176.0,0.15702,0.06331,0.0548,0.0572,0.04627,0.02272,0.01911
177.0,0.18264,0.02349,0.01491,0.01474,0.01229,0.00832,0.00698
178.0,0.17364,0.02516,0.0163,0.01695,0.01371,0.00987,0.00887
179.0,0.15737,0.15234,0.14426,0.13283,0.12736,0.04006,0.01447
180.0,0.24753,0.22633,0.21292,0.19267,0.14684,0.06423,0.04252
181.0,0.01687,0.0108,0.01046,0.00321,0.00827,0.00519,0.00692
182.0,0.19575,0.18133,0.1618,0.15313,0.14268,0.05191,0.02374
183.0,0.17248,0.16613,0.15389,0.14556,0.13305,0.04437,0.01911
184.0,0.13858,0.13337,0.12608,0.12456,0.11911,0.02825,0.01462
185.0,0.23737,0.21666,0.20272,0.18829,0.14647,0.06312,0.02531
186.0,0.16823,0.16464,0.15625,0.14369,0.13305,0.04443,0.01765
187.0,0.0864,0.08482,0.0848,0.08388,0.07996,0.01483,0.00573
188.0,0.09872,0.08789,0.00068,0.00098,0.0,0.01253,0.01121
189.0,0.16187,0.1564,0.14488,0.13438,0.12221,0.03609,0.01232
190.0,0.1717,0.15872,0.14972,0.14039,0.12799,0.03966,0.01719
191.0,0.17385,0.17081,0.16171,0.15281,0.00807,0.00746,0.00973
192.0,0.28554,0.25738,0.24027,0.23167,0.16036,0.0678,0.04065
193.0,0.18459,0.16303,0.15498,0.14665,0.12948,0.04032,0.00879
194.0,0.26025,0.24505,0.22564,0.21439,0.01054,0.01054,0.01054
195.0,0.24145,0.17392,0.0,0.0,0.0,0.0,0.0
196.0,0.04478,0.01002,0.0046,0.00405,0.00374,0.00862,0.00721
197.0,0.17694,0.06026,0.0576,0.06146,0.05633,0.02325,0.01541
198.0,0.0237,0.00434,0.00415,0.00411,0.00404,0.00363,0.00359
199.0,0.13441,0.0122,0.01393,0.01387,0.0133,0.00901,0.00822
200.0,0.00217,0.0,0.0,0.0,0.0,0.0,0.0
201.0,0.0,0.0,0.0,0.0,0.0,0.0,0.0
202.0,0.0,0.0,0.0,0.0,0.0,0.0,0.0
203.0,0.01489,0.00168,0.00165,0.0002,0.00017,0.0,0.0
204.0,0.18493,0.1709,0.15871,0.00777,0.00104,0.00099,0.00095
205.0,0.19097,0.17461,0.15085,0.00759,0.00157,0.00083,0.0008
206.0,0.22302,0.19502,0.15843,0.00351,0.00134,0.0,0.0
207.0,0.12829,0.12054,0.11142,0.00737,0.0,0.0,0.0
208.0,0.12846,0.11996,0.1051,0.00782,0.00148,0.00286,0.00274
209.0,0.2359,0.2129,0.20323,0.00192,0.0,0.0,0.0
210.0,0.2235,0.20173,0.19117,0.00139,0.0,0.0,0.0
211.0,0.11826,0.11129,0.11067,0.00874,0.00235,0.00321,0.00312
212.0,0.01822,0.01732,0.01574,0.01081,0.00057,0.00333,0.00417
213.0,0.11026,0.00142,0.0,0.0,0.0,0.0,0.0
214.0,0.12361,0.07793,0.0,0.0,0.0,0.0,0.0
215.0,0.03654,0.0,0.0,0.0,0.0,0.0,0.0
216.0,0.1457,0.11871,0.06821,0.00645,0.00321,0.0,0.0
217.0,0.09627,0.09316,0.09066,0.0073,0.0028,0.00456,0.00431
218.0,0.07915,0.0742,0.06355,0.01188,0.00483,0.0056,0.00459
219.0,0.2397,0.22122,0.20713,0.01147,0.00236,0.00048,0.0
220.0,0.1442,0.13729,0.13395,0.0152,0.00848,0.00832,0.00811
221.0,0.01943,0.01709,0.01417,0.00817,0.00159,0.004,0.00376
222.0,0.12554,0.1203,0.11993,0.01629,0.00552,0.00972,0.01
223.0,0.06167,0.05646,0.05912,0.00933,0.00362,0.00289,0.00318
224.0,0.06965,0.06813,0.06799,0.01257,0.00504,0.00519,0.00217
225.0,0.21957,0.20771,0.19872,0.01578,0.00275,0.00839,0.00851
226.0,0.25881,0.19401,0.15016,0.01042,0.00166,0.0,0.0
227.0,0.24269,0.22558,0.21045,0.0132,0.00752,0.00563,0.00403
228.0,0.05859,0.05482,0.05624,0.00844,0.00128,0.00256,0.00343
229.0,0.23556,0.21898,0.20447,0.01431,0.00748,0.00858,0.00763
230.0,0.24337,0.22654,0.21139,0.01527,0.00597,0.006,0.00481
231.0,0.27398,0.25452,0.24134,0.01482,0.00285,0.00048,0.0
232.0,0.27403,0.25624,0.24636,0.0115,0.00066,0.0,0.0
233.0,0.12298,0.09276,0.0345,0.00883,0.00412,0.0063,0.00494
234.0,0.14476,0.11894,0.11361,0.01383,0.00514,0.00663,0.00655
235.0,0.00386,0.00357,0.00385,0.00385,0.00369,0.00363,0.00361
236.0,0.00052,0.00041,0.00041,0.00041,0.00041,0.00047,0.00045
237.0,0.13622,0.06919,0.10337,0.09309,0.01257,0.0003,0.0
238.0,0.2179,0.19364,0.1766,0.09024,0.02873,0.02552,0.02138
239.0,0.14191,0.13003,0.12541,0.04591,0.02444,0.02309,0.01996
240.0,0.16047,0.00262,0.00035,0.00035,0.00022,0.00022,0.00022
241.0,0.00395,0.00043,0.00029,0.00028,0.00026,0.00025,0.00023
242.0,0.25099,0.22624,0.21641,0.1918,0.11165,0.00425,0.0
243.0,0.27811,0.25915,0.24672,0.20943,0.11007,0.01309,0.01204
244.0,0.27631,0.25737,0.24536,0.20752,0.10274,0.00283,0.0
245.0,0.2008,0.18232,0.16861,0.16463,0.11623,0.02488,0.02155
246.0,0.25253,0.23389,0.22589,0.19242,0.08493,0.02368,0.01737
247.0,0.24391,0.21637,0.20571,0.17884,0.04634,0.00387,0.00316
248.0,0.23844,0.20655,0.18853,0.1532,0.02688,0.02392,0.02138
249.0,0.22126,0.19185,0.17611,0.15081,0.08989,0.02661,0.02234
250.0,0.20793,0.18983,0.17751,0.16699,0.04575,0.02489,0.02155
251.0,0.28433,0.2387,0.21728,0.16405,0.029,0.02616,0.02259
252.0,0.30755,0.25622,0.22556,0.17072,0.04128,0.02674,0.02455
253.0,0.28696,0.24126,0.21915,0.15767,0.03664,0.02709,0.02404
254.0,0.30453,0.25354,0.22397,0.1517,0.0302,0.0261,0.0234
255.0,0.25309,0.22076,0.19834,0.12442,0.03416,0.02657,0.02329
256.0,0.20886,0.18154,0.1716,0.06672,0.02621,0.02636,0.02223
257.0,0.307,0.27088,0.26354,0.22182,0.17829,0.00356,0.0
258.0,0.29399,0.26134,0.24632,0.21091,0.0,0.0,0.0
259.0,0.31371,0.26459,0.24926,0.20945,0.14525,0.0,0.0
260.0,0.3286,0.27495,0.25917,0.19403,0.00356,0.0,0.0
261.0,0.3099,0.26696,0.24851,0.10008,0.01549,0.0,0.0
262.0,0.24973,0.22322,0.114,0.03495,0.0,0.0,0.0
263.0,0.27907,0.24439,0.22707,0.19683,0.04587,0.00859,0.0
264.0,0.28743,0.24642,0.22655,0.19077,0.12426,0.02633,0.0178
265.0,0.30175,0.25524,0.23344,0.18098,0.02653,0.0,0.0
266.0,0.30794,0.25961,0.23428,0.12976,0.02999,0.0,0.0
267.0,0.31278,0.264,0.2365,0.12973,0.02572,0.0,0.0
268.0,0.2896,0.24591,0.21403,0.06791,0.02533,0.0,0.0
269.0,0.29697,0.2524,0.22504,0.16387,0.11108,0.02692,0.02203
270.0,0.26839,0.23216,0.21499,0.14323,0.06961,0.02561,0.02221
271.0,0.32669,0.27366,0.25164,0.14633,0.04537,0.02566,0.01705
272.0,0.29936,0.24834,0.2205,0.11519,0.0293,0.02482,0.02279
273.0,0.30573,0.26018,0.23208,0.11363,0.02723,0.0245,0.01506
274.0,0.29595,0.25112,0.22834,0.12451,0.02984,0.0,0.0
275.0,0.25956,0.22219,0.20061,0.15184,0.02961,0.02513,0.02308
276.0,0.29975,0.24777,0.22435,0.13253,0.02889,0.02413,0.02122
277.0,0.31676,0.26578,0.23705,0.15037,0.05124,0.02591,0.0232
278.0,0.31878,0.26886,0.24892,0.15709,0.03387,0.02585,0.02314
279.0,0.32023,0.26706,0.2356,0.19316,0.03362,0.02668,0.02398
280.0,0.28313,0.2364,0.21242,0.1606,0.02981,0.02642,0.02351
281.0,0.31395,0.26305,0.23705,0.14575,0.0332,0.02591,0.02234
282.0,0.31458,0.26652,0.23608,0.14319,0.02952,0.0,0.0
283.0,0.30306,0.25169,0.22522,0.1105,0.03057,0.02707,0.02417
284.0,0.27266,0.22523,0.20253,0.0395,0.02524,0.02221,0.02104
285.0,0.21458,0.18437,0.15578,0.1127,0.02485,0.02485,0.02188
286.0,0.16076,0.14319,0.00523,0.00582,0.00388,0.00207,0.00477
287.0,0.28257,0.23796,0.21183,0.15483,0.03,0.02554,0.02264
288.0,0.27455,0.23145,0.15041,0.11987,0.02555,0.0257,0.02307
289.0,0.2609,0.0,0.0,0.0,0.0,0.0,0.0
290.0,0.21217,0.18803,0.06655,0.00101,0.0,0.0,0.0
291.0,0.2733,0.2505,0.23452,0.16222,0.07651,0.05487,0.04673
292.0,0.25116,0.23201,0.21543,0.15798,0.05396,0.06391,0.05275
293.0,0.24913,0.22059,0.19424,0.15812,0.05251,0.0596,0.0545
294.0,0.1944,0.17529,0.17004,0.06859,0.04864,0.05054,0.04844
295.0,0.24956,0.23061,0.21329,0.17846,0.14969,0.07514,0.05621
296.0,0.27901,0.25953,0.23889,0.20379,0.16946,0.08467,0.06606
297.0,0.21449,0.1965,0.18349,0.11294,0.08372,0.06851,0.05491
298.0,0.27549,0.25605,0.23642,0.15494,0.15072,0.07784,0.05763
299.0,0.20982,0.19679,0.18554,0.08668,0.06727,0.06043,0.05183
300.0,0.20227,0.18997,0.17711,0.07943,0.05811,0.0549,0.04638
301.0,0.00211,0.00211,0.00092,0.00211,0.00211,0.00092,0.00211
302.0,0.0,0.0,0.0,0.0,0.0,0.0,0.0
303.0,0.01075,0.0072,0.00719,0.00715,0.00075,0.0,0.0
304.0,0.04706,0.01057,0.01055,0.01045,0.0082,0.00641,0.00558
305.0,0.03347,0.011,0.01098,0.01088,0.00861,0.00827,0.0067
306.0,0.00829,0.00625,0.00624,0.00619,0.00397,0.0,0.0
307.0,0.02708,0.00791,0.0079,0.00782,0.00744,0.00513,0.00508
308.0,0.06337,0.0088,0.00879,0.00871,0.00831,0.00596,0.00588
309.0,0.00761,0.00757,0.00716,0.00711,0.00639,0.00633,0.00629
310.0,0.03958,0.01215,0.01141,0.00961,0.00873,0.00687,0.00679
311.0,0.0122,0.01016,0.01016,0.01015,0.00995,0.00939,0.00932
312.0,0.00337,0.00337,0.00336,0.00332,0.00328,0.00325,0.00323
313.0,0.02224,0.01078,0.00982,0.00975,0.00937,0.00798,0.00792
314.0,0.01076,0.01075,0.01074,0.0107,0.00924,0.00991,0.00987
315.0,0.00896,0.00787,0.00785,0.00778,0.00741,0.00661,0.0051
316.0,0.00102,0.00042,0.0,0.0,0.0,0.0,0.0
317.0,0.00262,0.00262,0.00262,0.00262,0.0014,0.00317,0.00262
318.0,0.00102,0.0,0.0,0.0,0.0,0.0,0.0
319.0,0.0,0.0,0.0,0.0,0.0,0.0,0.0
320.0,0.0,0.0,0.0,0.0,0.0,0.0,0.0
321.0,0.0,0.0,0.0,0.0,0.0,0.0,0.0
322.0,0.0,0.0,0.0,0.0,0.0,0.0,0.0
323.0,0.24773,0.23125,0.21586,0.01831,0.01001,0.0127,0.01214
324.0,0.00091,0.00091,0.00091,0.00088,0.00086,0.00083,0.00081
325.0,0.00463,0.00463,0.00463,0.00463,0.00463,0.00463,0.00463
326.0,0.09205,0.08559,0.08659,0.00663,0.0058,0.0058,0.0058
327.0,0.06243,0.05799,0.05779,0.00637,0.00767,0.00767,0.00767
328.0,0.00145,0.00145,0.00145,0.00145,0.00145,0.00145,0.00145
329.0,0.06839,0.0626,0.06156,0.00687,0.00687,0.00817,0.00817
330.0,0.00145,0.00145,0.00145,0.00145,0.00048,0.00145,0.00145
331.0,0.03833,0.0355,0.0353,0.00619,0.00619,0.00619,0.00619
332.0,0.00223,0.00223,0.00223,0.00223,0.00223,0.00223,0.00223
333.0,0.00223,0.00223,0.00223,0.00223,0.00223,0.00223,0.00223
334.0,0.0033,0.00253,0.0033,0.0033,0.00253,0.0033,0.0033
335.0,0.00312,0.00312,0.00312,0.00312,0.00312,0.00312,0.00312
336.0,0.06152,0.00504,0.00503,0.00502,0.00474,0.00498,0.00497
337.0,0.00315,0.00315,0.00315,0.00315,0.00315,0.00214,0.00315
338.0,0.00776,0.00382,0.00382,0.00382,0.00382,0.00382,0.00382
339.0,0.02517,0.01086,0.01085,0.01045,0.00961,0.01044,0.01081
340.0,0.00665,0.00652,0.00651,0.00611,0.00203,0.0061,0.00647
341.0,0.00409,0.00409,0.00409,0.00409,0.00102,0.00254,0.00409
342.0,0.00504,0.00504,0.00504,0.00504,0.00315,0.00504,0.00504
343.0,0.00479,0.00479,0.00479,0.00479,0.00214,0.00331,0.00479
344.0,0.01112,0.01112,0.01112,0.01112,0.00964,0.00964,0.01112
345.0,0.00622,0.00622,0.00622,0.00622,0.00433,0.00581,0.00622
346.0,0.01141,0.00149,0.00149,0.00149,0.00149,0.00149,0.00149
347.0,0.00747,0.00531,0.00531,0.00531,0.00531,0.00531,0.00531
348.0,0.00182,0.00149,0.00149,0.00149,0.00149,0.00149,0.00149
349.0,0.00677,0.00677,0.00677,0.00677,0.00433,0.00588,0.00677
350.0,0.00954,0.00951,0.00951,0.00951,0.00467,0.00951,0.00951
351.0,0.00809,0.00794,0.00794,0.00709,0.00709,0.00709,0.00791
352.0,0.08296,0.03137,0.00463,0.00432,0.00429,0.00454,0.00451
353.0,0.20095,0.07832,0.00557,0.00546,0.00349,0.00532,0.00552
354.0,0.12733,0.01253,0.00355,0.00346,0.0034,0.00334,0.00329
355.0,0.03104,0.00615,0.00535,0.0041,0.00333,0.00422,0.005
356.0,0.0087,0.00522,0.00443,0.00384,0.0012,0.00314,0.00412
357.0,0.00453,0.00449,0.00258,0.00229,0.00228,0.00255,0.00254
358.0,0.02099,0.01103,0.01023,0.00984,0.00906,0.00969,0.00989
359.0,0.09637,0.07419,0.04291,0.00729,0.00311,0.00504,0.00844
360.0,0.16216,0.01812,0.01113,0.00931,0.00809,0.00809,0.00848
361.0,0.1388,0.01355,0.00903,0.00748,0.00699,0.00659,0.00748
362.0,0.18082,0.04344,0.01809,0.01445,0.01061,0.01061,0.01429
363.0,0.03912,0.00563,0.00563,0.00534,0.00534,0.00562,0.00561
364.0,0.0394,0.00541,0.00454,0.00453,0.00452,0.0045,0.00447
365.0,0.16508,0.13912,0.1087,0.00899,0.0049,0.00752,0.01184
366.0,0.03247,0.0104,0.00949,0.00758,0.00752,0.00748,0.00879
367.0,0.03079,0.01572,0.01197,0.00936,0.00555,0.00632,0.00992
368.0,0.01063,0.00911,0.00798,0.00791,0.00429,0.00692,0.00783
369.0,0.0299,0.00554,0.00554,0.00554,0.00484,0.00484,0.00549
370.0,0.00853,0.00829,0.00829,0.008,0.00731,0.00599,0.00827
371.0,0.00615,0.00615,0.00615,0.00615,0.00482,0.00615,0.00615
372.0,0.00201,0.00201,0.00201,0.00201,0.00201,0.00201,0.00201
373.0,0.00136,0.00136,0.00136,0.00136,0.0005,0.0005,0.00136
374.0,0.00632,0.00632,0.00632,0.00562,0.00429,0.00429,0.00632
375.0,0.00388,0.00388,0.00388,0.00388,0.00254,0.00254,0.00388
376.0,0.04139,0.00783,0.00783,0.00783,0.00626,0.00357,0.00779
377.0,0.00149,0.00149,0.00149,0.00149,0.0,0.0008,0.00149
378.0,0.00149,0.00149,0.00149,0.00149,0.0,0.0008,0.00149
379.0,0.0,0.0,0.0,0.0,0.0,0.0,0.0
380.0,0.0,0.0,0.0,0.0,0.0,0.0,0.0
381.0,0.0,0.0,0.0,0.0,0.0,0.0,0.0
382.0,0.07757,0.01309,0.0127,0.0127,0.01083,0.00841,0.01304
383.0,0.00307,0.00307,0.00307,0.00307,0.0007,0.00149,0.00307
384.0,0.00186,0.00186,0.00186,0.00186,0.00186,0.00186,0.00186
385.0,0.0,0.0,0.0,0.0,0.0,0.0,0.0
386.0,0.0481,0.01439,0.01438,0.01355,0.01239,0.01096,0.01426
387.0,0.09831,0.0195,0.01949,0.01949,0.01556,0.01805,0.01942
388.0,0.12902,0.07604,0.07176,0.02463,0.01984,0.02008,0.02494
389.0,0.00566,0.00566,0.00566,0.00482,0.00482,0.00394,0.00566
390.0,0.10991,0.01285,0.01285,0.01285,0.01192,0.01192,0.0128
391.0,0.1606,0.01566,0.01396,0.01225,0.01132,0.01132,0.01389
392.0,0.25011,0.18908,0.15648,0.02144,0.00288,0.00565,0.02759
393.0,0.18173,0.16294,0.15388,0.00819,0.00656,0.00755,0.00972
394.0,0.24566,0.2244,0.20833,0.0132,0.01002,0.00984,0.01466
395.0,0.14423,0.13727,0.12826,0.00691,0.00525,0.00561,0.00871
396.0,0.09285,0.09126,0.08763,0.00889,0.00889,0.00758,0.00888
397.0,0.22987,0.21093,0.19819,0.02262,0.02042,0.02189,0.02257
398.0,0.01871,0.01849,0.01846,0.01626,0.01622,0.01429,0.01824
399.0,0.20975,0.19347,0.18365,0.01256,0.00933,0.01255,0.01516
400.0,0.05657,0.0565,0.05487,0.01346,0.01144,0.01345,0.01345
401.0,0.05289,0.0438,0.03235,0.0097,0.0097,0.0097,0.0097
402.0,0.00878,0.00878,0.00878,0.00878,0.00773,0.00878,0.00878
403.0,0.12883,0.12419,0.11709,0.01361,0.01361,0.01361,0.01425
404.0,0.20019,0.18194,0.17645,0.07304,0.05947,0.05469,0.05037
405.0,0.12117,0.1175,0.11492,0.04904,0.04493,0.0429,0.04326
406.0,0.07674,0.0726,0.07162,0.04448,0.03763,0.03474,0.04249
407.0,0.01429,0.01429,0.01429,0.01429,0.01194,0.01298,0.01428
408.0,0.00152,0.00152,0.00152,0.00152,0.00152,0.00105,0.00152
409.0,0.00152,0.00152,0.00152,0.00152,0.00152,0.00105,0.00152
410.0,0.01576,0.01576,0.01576,0.01576,0.01306,0.01445,0.01575
411.0,0.0261,0.02532,0.02532,0.025,0.02013,0.02076,0.02253
412.0,0.00195,0.00195,0.00195,0.00148,0.00195,0.00148,0.00195
413.0,0.00159,0.00159,0.00034,0.0,0.0,0.00034,0.00159
414.0,0.157,0.15029,0.14312,0.13134,0.00598,0.00538,0.00765
415.0,0.0,0.0,0.0,0.0,0.0,0.0,0.0
416.0,0.02258,0.02171,0.02257,0.02063,0.00529,0.00563,0.00563
417.0,0.099,0.09674,0.09687,0.09608,0.00506,0.00506,0.00505
418.0,0.12026,0.11712,0.11312,0.11214,0.00468,0.00467,0.00467
419.0,0.00712,0.00037,0.00037,0.00037,0.00037,0.00037,0.00037
420.0,0.08705,0.00231,0.0,0.0,0.0,0.0,0.0
421.0,0.0,0.0,0.0,0.0,0.0,0.0,0.0
422.0,0.00738,0.00112,0.00387,0.00387,0.00336,0.00332,0.00329
423.0,0.00038,0.00037,0.00037,0.00037,0.00037,0.00037,0.00037
424.0,0.01153,0.00721,0.0,0.0,0.0,0.0,0.0
425.0,0.24529,0.03809,0.01352,0.01311,0.01243,0.00283,0.0
426.0,0.1975,0.0259,0.01125,0.01081,0.0101,0.00567,0.00317
427.0,0.21521,0.02912,0.01293,0.01249,0.01169,0.00929,0.00824
428.0,0.21914,0.03176,0.01517,0.01472,0.01392,0.01128,0.01016
429.0,0.26569,0.06229,0.01915,0.0187,0.0179,0.01489,0.01466
430.0,0.15653,0.02076,0.01205,0.0,0.0,0.0,0.0
431.0,0.00874,0.00685,0.00683,0.00682,0.0063,0.0056,0.00556
432.0,0.14019,0.02396,0.01583,0.01538,0.01409,0.01089,0.01076
433.0,0.21749,0.03603,0.0224,0.02195,0.02115,0.01851,0.01544
434.0,0.21764,0.03589,0.02262,0.02218,0.02142,0.01878,0.01856
435.0,0.26592,0.05132,0.02592,0.02547,0.02518,0.02258,0.02237
436.0,0.23807,0.04469,0.02592,0.02547,0.02467,0.02203,0.0218
437.0,0.13792,0.02247,0.01418,0.01374,0.01071,0.0,0.0
438.0,0.00056,0.0,0.0,0.0,0.0,0.0,0.0
439.0,0.01536,0.01512,0.01507,0.01502,0.01383,0.01199,0.01195
440.0,0.06866,0.01913,0.01421,0.01415,0.01335,0.0097,0.00958
441.0,0.0147,0.00388,0.00137,0.00136,0.00135,0.00022,0.0
442.0,0.00369,0.00367,0.00367,0.00366,0.00364,0.00358,0.00356
443.0,0.06368,0.01064,0.01127,0.00877,0.0079,0.00607,0.00599
444.0,0.00337,0.00336,0.00279,0.00279,0.00278,0.00276,0.00272
445.0,0.00255,0.00252,0.00195,0.00195,0.00195,0.00194,0.0019
446.0,0.00202,0.002,0.00123,0.00122,0.00122,0.00119,0.00119
447.0,0.00275,0.00272,0.00216,0.00215,0.00214,0.00212,0.00208
448.0,0.00492,0.00428,0.00427,0.00286,0.00277,0.00262,0.00251
449.0,0.00347,0.00344,0.00343,0.0034,0.00325,0.00148,0.00148
450.0,0.00481,0.00481,0.00547,0.00543,0.00472,0.00469,0.00467
451.0,0.00491,0.00444,0.00441,0.00298,0.00278,0.00254,0.00162
452.0,0.02342,0.00937,0.00935,0.00927,0.00908,0.00301,0.00164
453.0,0.02791,0.00579,0.00578,0.00574,0.00565,0.00625,0.00328
454.0,0.01254,0.00655,0.00452,0.00452,0.00448,0.0,0.0
455.0,0.01203,0.0054,0.00507,0.00396,0.0038,0.00331,0.00244
456.0,0.00743,0.00399,0.00397,0.0039,0.00369,0.0,0.0
457.0,0.00198,0.0,0.0,0.0,0.0,0.0,0.0
458.0,0.0055,0.0,0.0,0.0,0.0,0.0,0.0
459.0,0.0,0.0,0.0,0.0,0.0,0.0,0.0
460.0,0.00289,0.00092,0.00092,0.00091,0.00091,0.0,0.0
461.0,0.00198,0.0,0.0,0.0,0.0,0.0,0.0
462.0,0.00289,0.00092,0.00092,0.00091,0.00091,0.0,0.0
463.0,0.00289,0.00092,0.00092,0.00091,0.00091,0.0,0.0
464.0,0.0,0.0,0.0,0.0,0.0,0.0,0.0
465.0,0.00092,0.00092,0.00092,0.00091,0.00091,0.0,0.0
466.0,0.00289,0.00092,0.00092,0.00091,0.00091,0.0,0.0
467.0,0.0,0.0,0.0,0.0,0.0,0.0,0.0
468.0,0.0,0.0,0.0,0.0,0.0,0.0,0.0
469.0,0.00212,0.00212,0.00212,0.00212,0.00212,0.00211,0.00211
470.0,0.00137,0.00137,0.00137,0.00137,0.00137,0.00137,0.00137
471.0,0.00584,0.00461,0.00461,0.00461,0.00461,0.00461,0.00569
472.0,0.0,0.0,0.0,0.0,0.0,0.0,0.0
473.0,0.0,0.0,0.0,0.0,0.0,0.0,0.0
474.0,0.0,0.0,0.0,0.0,0.0,0.0,0.0
475.0,0.00494,0.00494,0.00494,0.00494,0.00494,0.00494,0.0048
476.0,0.00528,0.00445,0.00445,0.00445,0.00445,0.00444,0.00521
477.0,0.00624,0.00502,0.00502,0.00502,0.00502,0.00501,0.00609
478.0,0.00547,0.00547,0.00547,0.00547,0.00547,0.00547,0.00533
479.0,0.00477,0.00355,0.00355,0.00355,0.00355,0.00354,0.00462
480.0,0.00355,0.00355,0.00355,0.00355,0.00355,0.00354,0.00345
481.0,0.00574,0.00574,0.00573,0.00573,0.00573,0.00572,0.00563
482.0,0.0,0.0,0.0,0.0,0.0,0.0,0.0
483.0,0.0,0.0,0.0,0.0,0.0,0.0,0.0
484.0,0.0,0.0,0.0,0.0,0.0,0.0,0.0
485.0,0.0,0.0,0.0,0.0,0.0,0.0,0.0
486.0,0.0,0.0,0.0,0.0,0.0,0.0,0.0
487.0,0.0,0.0,0.0,0.0,0.0,0.0,0.0
488.0,0.0,0.0,0.0,0.0,0.0,0.0,0.0
489.0,0.0,0.0,0.0,0.0,0.0,0.0,0.0
490.0,0.0,0.0,0.0,0.0,0.0,0.0,0.0
491.0,0.0,0.0,0.0,0.0,0.0,0.0,0.0
492.0,0.00097,0.00097,0.00097,0.00097,0.00097,0.00097,0.00097
493.0,0.00358,0.00358,0.00358,0.00358,0.00358,0.00358,0.00358
494.0,0.0072,0.0072,0.0072,0.00358,0.00358,0.00358,0.00358
495.0,0.0,0.0,0.0,0.0,0.0,0.0,0.0
496.0,0.0,0.0,0.0,0.0,0.0,0.0,0.0
497.0,0.0,0.0,0.0,0.0,0.0,0.0,0.0
498.0,0.0,0.0,0.0,0.0,0.0,0.0,0.0
499.0,0.08171,0.07703,0.07465,0.00595,0.0045,0.0045,0.0045
500.0,0.0,0.0,0.0,0.0,0.0,0.0,0.0
501.0,0.00531,0.00531,0.00531,0.00531,0.00531,0.00531,0.00531
502.0,0.0,0.0,0.0,0.0,0.0,0.0,0.0
503.0,0.0,0.0,0.0,0.0,0.0,0.0,0.0
504.0,0.0,0.0,0.0,0.0,0.0,0.0,0.0
505.0,0.0,0.0,0.0,0.0,0.0,0.0,0.0
506.0,0.00137,0.00137,0.00137,0.00137,0.00137,0.00137,0.00137
507.0,0.00281,0.0,0.0,0.0,0.0,0.0,0.0
508.0,0.0,0.0,0.0,0.0,0.0,0.0,0.0
509.0,0.00281,0.00275,0.00275,0.00275,0.00274,0.00274,0.00274
510.0,0.00281,0.00275,0.00275,0.00275,0.00274,0.00274,0.00274
511.0,0.00281,0.00275,0.00275,0.00275,0.00274,0.00274,0.00274
512.0,0.00281,0.00275,0.00275,0.00275,0.00274,0.00274,0.00274
513.0,0.0,0.0,0.0,0.0,0.0,0.0,0.0
514.0,0.0,0.0,0.0,0.0,0.0,0.0,0.0
515.0,0.0,0.0,0.0,0.0,0.0,0.0,0.0
516.0,0.0,0.0,0.0,0.0,0.0,0.0,0.0
517.0,0.0,0.0,0.0,0.0,0.0,0.0,0.0
518.0,0.0,0.0,0.0,0.0,0.0,0.0,0.0
519.0,0.0,0.0,0.0,0.0,0.0,0.0,0.0
520.0,0.0,0.0,0.0,0.0,0.0,0.0,0.0
521.0,0.0,0.0,0.0,0.0,0.0,0.0,0.0
522.0,0.0,0.0,0.0,0.0,0.0,0.0,0.0
523.0,0.00467,0.00467,0.00467,0.00467,0.00467,0.00467,0.00467
524.0,0.00467,0.00467,0.00467,0.00467,0.00467,0.00467,0.00467
525.0,0.00365,0.00365,0.00365,0.00365,0.00365,0.00365,0.00365
526.0,0.00454,0.00452,0.00452,0.00452,0.00452,0.00452,0.00452
527.0,0.00467,0.00467,0.00467,0.00467,0.00467,0.00467,0.00467
528.0,0.0,0.0,0.0,0.0,0.0,0.0,0.0
529.0,0.00467,0.00467,0.00467,0.00467,0.00467,0.00467,0.00467
530.0,0.00467,0.00467,0.00467,0.00467,0.00143,0.00467,0.00467
531.0,0.00467,0.00467,0.00467,0.00467,0.00143,0.00467,0.00467
532.0,0.0,0.0,0.0,0.0,0.0,0.0,0.0
533.0,0.0,0.0,0.0,0.0,0.0,0.0,0.0
534.0,0.0,0.0,0.0,0.0,0.0,0.0,0.0
535.0,0.0,0.0,0.0,0.0,0.0,0.0,0.0
536.0,0.0,0.0,0.0,0.0,0.0,0.0,0.0
537.0,0.0007,0.0007,0.0007,0.0007,0.0007,0.0007,0.0007
538.0,0.0,0.0,0.0,0.0,0.0,0.0,0.0
539.0,0.01576,0.00705,0.00705,0.00705,0.00705,0.00704,0.007
540.0,0.00201,0.00201,0.00201,0.00201,0.00201,0.00201,0.00201
541.0,0.0,0.0,0.0,0.0,0.0,0.0,0.0
542.0,0.0,0.0,0.0,0.0,0.0,0.0,0.0
543.0,0.00482,0.00482,0.00482,0.00482,0.00482,0.00482,0.00482
544.0,0.00429,0.00429,0.00429,0.001,0.001,0.00429,0.00429
545.0,0.001,0.001,0.001,0.001,0.001,0.001,0.001
546.0,0.00567,0.00567,0.00567,0.00567,0.00567,0.00567,0.00567
547.0,0.00651,0.00651,0.00651,0.00651,0.00567,0.00567,0.00651
548.0,0.0,0.0,0.0,0.0,0.0,0.0,0.0
549.0,0.02086,0.00795,0.00795,0.00795,0.00795,0.00794,0.0079
550.0,0.0,0.0,0.0,0.0,0.0,0.0,0.0
551.0,0.0,0.0,0.0,0.0,0.0,0.0,0.0
552.0,0.0,0.0,0.0,0.0,0.0,0.0,0.0
553.0,0.00528,0.00528,0.00528,0.00528,0.00528,0.00528,0.00528
554.0,0.00528,0.00528,0.00528,0.00528,0.00528,0.00528,0.00528
555.0,0.0,0.0,0.0,0.0,0.0,0.0,0.0
556.0,0.0,0.0,0.0,0.0,0.0,0.0,0.0
557.0,0.01122,0.00882,0.00882,0.00882,0.00882,0.00882,0.00878
558.0,0.0,0.0,0.0,0.0,0.0,0.0,0.0
559.0,0.03018,0.02826,0.02646,0.00425,0.00355,0.00425,0.00425
560.0,0.00459,0.00459,0.00459,0.00459,0.00459,0.00459,0.00459
561.0,0.13514,0.13087,0.12343,0.01006,0.00942,0.00942,0.01006
562.0,0.11561,0.11249,0.10415,0.0102,0.00966,0.00966,0.01019
563.0,0.0,0.0,0.0,0.0,0.0,0.0,0.0
564.0,0.0,0.0,0.0,0.0,0.0,0.0,0.0
565.0,0.0,0.0,0.0,0.0,0.0,0.0,0.0
566.0,0.0,0.0,0.0,0.0,0.0,0.0,0.0
567.0,0.15387,0.15071,0.14377,0.13488,0.12942,0.04246,0.01708
568.0,0.01083,0.01083,0.01083,0.01083,0.01019,0.00935,0.00935
569.0,0.0,0.0,0.0,0.0,0.0,0.0,0.0
570.0,0.09761,0.09603,0.09263,0.09558,0.08594,0.01972,0.00987
571.0,0.01264,0.01264,0.01264,0.01264,0.01264,0.00808,0.00808
572.0,0.16804,0.16349,0.1536,0.1448,0.13487,0.04468,0.01465
573.0,0.0,0.0,0.0,0.0,0.0,0.0,0.0
574.0,0.0,0.0,0.0,0.0,0.0,0.0,0.0
575.0,0.0,0.0,0.0,0.0,0.0,0.0,0.0
576.0,0.01247,0.01247,0.01247,0.00792,0.00792,0.00792,0.00792
577.0,0.0,0.0,0.0,0.0,0.0,0.0,0.0
578.0,0.0,0.0,0.0,0.0,0.0,0.0,0.0
579.0,0.0065,0.0065,0.0065,0.0065,0.0065,0.0065,0.0065
580.0,0.0,0.0,0.0,0.0,0.0,0.0,0.0
581.0,0.0,0.0,0.0,0.0,0.0,0.0,0.0
582.0,0.00724,0.00724,0.00724,0.00724,0.00724,0.00724,0.00724
583.0,0.04969,0.04801,0.048,0.00794,0.00794,0.00794,0.00794
584.0,0.0,0.0,0.0,0.0,0.0,0.0,0.0
585.0,0.0,0.0,0.0,0.0,0.0,0.0,0.0
586.0,0.0,0.0,0.0,0.0,0.0,0.0,0.0
587.0,0.0,0.0,0.0,0.0,0.0,0.0,0.0
588.0,0.0,0.0,0.0,0.0,0.0,0.0,0.0
589.0,0.0,0.0,0.0,0.0,0.0,0.0,0.0
590.0,0.0,0.0,0.0,0.0,0.0,0.0,0.0
591.0,0.0,0.0,0.0,0.0,0.0,0.0,0.0
592.0,0.00677,0.00677,0.00677,0.00677,0.00677,0.00677,0.00677
593.0,0.02345,0.02345,0.02345,0.00713,0.00713,0.00713,0.00782
594.0,0.00677,0.00677,0.00677,0.00677,0.00677,0.00677,0.00677
595.0,0.0,0.0,0.0,0.0,0.0,0.0,0.0
596.0,0.0,0.0,0.0,0.0,0.0,0.0,0.0
597.0,0.0,0.0,0.0,0.0,0.0,0.0,0.0
598.0,0.0,0.0,0.0,0.0,0.0,0.0,0.0
599.0,0.0,0.0,0.0,0.0,0.0,0.0,0.0
600.0,0.00677,0.00677,0.00677,0.00677,0.00677,0.00677,0.00677
601.0,0.0,0.0,0.0,0.0,0.0,0.0,0.0
602.0,0.0,0.0,0.0,0.0,0.0,0.0,0.0
603.0,0.0,0.0,0.0,0.0,0.0,0.0,0.0
604.0,0.00584,0.00584,0.00584,0.00584,0.00584,0.00584,0.00584
605.0,0.00548,0.00548,0.00548,0.00548,0.00548,0.00548,0.00548
606.0,0.0,0.0,0.0,0.0,0.0,0.0,0.0
607.0,0.0,0.0,0.0,0.0,0.0,0.0,0.0
608.0,0.0,0.0,0.0,0.0,0.0,0.0,0.0
609.0,0.0,0.0,0.0,0.0,0.0,0.0,0.0
610.0,0.0,0.0,0.0,0.0,0.0,0.0,0.0
611.0,0.2166,0.19814,0.18623,0.17426,0.00631,0.00631,0.00631
612.0,0.16666,0.16186,0.15258,0.14098,0.00359,0.00458,0.00458
613.0,0.00527,0.00525,0.00525,0.00525,0.00333,0.00333,0.00333
614.0,0.0,0.0,0.0,0.0,0.0,0.0,0.0
615.0,0.00699,0.00698,0.00697,0.00697,0.00506,0.00506,0.00505
616.0,0.13652,0.1334,0.12369,0.12223,0.00392,0.00392,0.00392
617.0,0.09348,0.09095,0.08971,0.0905,0.00392,0.00392,0.00392
618.0,0.05247,0.04998,0.04817,0.04814,0.00513,0.00513,0.00513
619.0,0.0,0.0,0.0,0.0,0.0,0.0,0.0
620.0,0.0,0.0,0.0,0.0,0.0,0.0,0.0
621.0,0.0,0.0,0.0,0.0,0.0,0.0,0.0
622.0,0.09508,0.09176,0.09131,0.0913,0.00472,0.00472,0.00472
623.0,0.00554,0.00553,0.00552,0.00552,0.00414,0.00414,0.00414
624.0,0.00588,0.00587,0.00587,0.00587,0.00526,0.00526,0.00526
625.0,0.0,0.0,0.0,0.0,0.0,0.0,0.0
626.0,0.0,0.0,0.0,0.0,0.0,0.0,0.0
627.0,0.0,0.0,0.0,0.0,0.0,0.0,0.0
628.0,0.0102,0.01019,0.01019,0.01019,0.00371,0.00371,0.00371
629.0,0.0,0.0,0.0,0.0,0.0,0.0,0.0
630.0,0.0,0.0,0.0,0.0,0.0,0.0,0.0
631.0,0.0,0.0,0.0,0.0,0.0,0.0,0.0
632.0,0.00588,0.00587,0.00587,0.00587,0.00526,0.00526,0.00526
633.0,0.00588,0.00587,0.00587,0.00587,0.00526,0.00526,0.00526
634.0,0.1197,0.11656,0.11296,0.11197,0.00451,0.00451,0.00451
635.0,0.0,0.0,0.0,0.0,0.0,0.0,0.0
636.0,0.0051,0.00509,0.00508,0.00508,0.00448,0.00448,0.00448
637.0,0.00719,0.00718,0.00717,0.00717,0.00525,0.00525,0.00525
638.0,0.0,0.0,0.0,0.0,0.0,0.0,0.0
639.0,0.0,0.0,0.0,0.0,0.0,0.0,0.0
640.0,0.0,0.0,0.0,0.0,0.0,0.0,0.0
641.0,0.00061,0.00061,0.00061,0.00061,0.00061,0.00061,0.00061
642.0,0.00455,0.00455,0.00455,0.00455,0.00455,0.00455,0.00455
643.0,0.00065,0.00065,0.00065,0.00065,0.00065,0.00065,0.00065
644.0,0.01008,0.01008,0.01008,0.01008,0.00957,0.00952,0.0095
645.0,0.00814,0.00812,0.00768,0.00768,0.00712,0.00707,0.00704
646.0,0.0,0.0,0.0,0.0,0.0,0.0,0.0
647.0,0.0,0.0,0.0,0.0,0.0,0.0,0.0
648.0,0.0,0.0,0.0,0.0,0.0,0.0,0.0
649.0,0.00487,0.00486,0.00485,0.00485,0.00294,0.00294,0.00294
650.0,0.00189,0.00188,0.00188,0.00188,0.00127,0.00127,0.00127
651.0,0.0,0.0,0.0,0.0,0.0,0.0,0.0
652.0,0.0,0.0,0.0,0.0,0.0,0.0,0.0
653.0,0.00267,0.00267,0.00267,0.00267,0.00267,0.00267,0.00267
654.0,0.00063,0.00063,0.00063,0.00063,0.00063,0.00063,0.00063
655.0,0.0,0.00125,0.00125,0.00125,0.00125,0.00125,0.0
656.0,0.00772,0.00769,0.00768,0.00768,0.00712,0.00707,0.00704
657.0,0.00772,0.00769,0.00768,0.00768,0.00712,0.00707,0.00704
658.0,0.0,0.0,0.0,0.0,0.0,0.0,0.0
659.0,0.0,0.0,0.0,0.0,0.0,0.0,0.0
660.0,0.0,0.0,0.0,0.0,0.0,0.0,0.0
661.0,0.00733,0.0073,0.00729,0.00728,0.00673,0.00668,0.00665
662.0,0.00661,0.00661,0.00661,0.00661,0.00609,0.00605,0.00603
663.0,0.0,0.0,0.0,0.0,0.0,0.0,0.0
664.0,0.0,0.0,0.0,0.0,0.0,0.0,0.0
665.0,0.0,0.0,0.0,0.0,0.0,0.0,0.0
666.0,0.0,0.0,0.0,0.0,0.0,0.0,0.0
667.0,0.0,0.0,0.0,0.0,0.0,0.0,0.0
668.0,0.00393,0.00393,0.00393,0.00393,0.00342,0.00338,0.00336
669.0,0.00504,0.00502,0.00501,0.005,0.00445,0.0044,0.00437
670.0,0.00504,0.00502,0.00501,0.005,0.00445,0.0044,0.00437
671.0,0.00504,0.00502,0.00501,0.005,0.00445,0.0044,0.00437
672.0,0.0,0.0,0.0,0.0,0.0,0.0,0.0
673.0,0.0,0.0,0.0,0.0,0.0,0.0,0.0
674.0,0.0,0.0,0.0,0.0,0.0,0.0,0.0
675.0,0.0,0.0,0.0,0.0,0.0,0.0,0.0
676.0,0.0,0.0,0.0,0.0,0.0,0.0,0.0
677.0,0.0,0.0,0.0,0.0,0.0,0.0,0.0
678.0,0.0,0.0,0.0,0.0,0.0,0.0,0.0
679.0,0.0,0.0,0.0,0.0,0.0,0.0,0.0
680.0,0.0,0.0,0.0,0.0,0.0,0.0,0.0
681.0,0.0,0.0,0.0,0.0,0.0,0.0,0.0
682.0,0.0,0.0,0.0,0.0,0.0,0.0,0.0
683.0,0.0,0.0,0.0,0.0,0.0,0.0,0.0
684.0,0.0,0.0,0.0,0.0,0.0,0.0,0.0
685.0,0.0375,0.01006,0.00931,0.0093,0.00822,0.00818,0.00815
686.0,0.01032,0.01032,0.01032,0.01032,0.00981,0.00977,0.00974
687.0,0.00782,0.00782,0.00782,0.00782,0.00782,0.00782,0.00782
688.0,0.00482,0.00482,0.00482,0.00482,0.00482,0.00482,0.00482
689.0,0.01259,0.01235,0.01189,0.01184,0.01065,0.00704,0.00701
690.0,0.0005,0.0005,0.0005,0.0005,0.0005,0.0005,0.0005
691.0,0.00406,0.00406,0.00406,0.00406,0.00355,0.00351,0.00348
692.0,0.02596,0.01433,0.01259,0.01254,0.01183,0.00774,0.00771
693.0,0.00623,0.0062,0.00619,0.00618,0.00563,0.00558,0.00555
694.0,0.15586,0.03109,0.02266,0.02222,0.02141,0.01776,0.01765
695.0,0.002,0.002,0.002,0.002,0.002,0.002,0.002
696.0,0.00157,0.00157,0.00157,0.00157,0.00157,0.00157,0.00157
697.0,0.00257,0.00251,0.0025,0.00249,0.00247,0.0,0.0
698.0,0.00472,0.00458,0.00206,0.00204,0.00202,0.0011,0.0
699.0,0.00183,0.00178,0.00177,0.00175,0.00174,0.00078,0.00056
700.0,0.00205,0.00201,0.002,0.00198,0.00196,0.00101,0.00079
701.0,0.00247,0.00023,0.0,0.0,0.0,0.0,0.0
702.0,0.00213,0.00206,0.00205,0.00203,0.00201,0.00105,0.00083
703.0,0.0,0.0,0.0,0.0,0.0,0.0,0.0
704.0,0.0,0.0,0.0,0.0,0.0,0.0,0.0
705.0,0.02859,0.00746,0.00702,0.007,0.00593,0.00588,0.00585
706.0,0.05056,0.00805,0.00731,0.00729,0.00622,0.00617,0.00614
707.0,0.0,0.0,0.0,0.0,0.0,0.0,0.0
708.0,0.0,0.0,0.0,0.0,0.0,0.0,0.0
709.0,0.00185,0.00061,0.0006,0.0006,0.0006,0.0,0.0
710.0,0.00316,0.0019,0.00189,0.00189,0.00187,0.0,0.0
711.0,0.0,0.0,0.0,0.0,0.0,0.0,0.0
712.0,0.0,0.0,0.0,0.0,0.0,0.0,0.0
713.0,0.0,0.0,0.0,0.0,0.0,0.0,0.0
714.0,0.0,0.0,0.0,0.0,0.0,0.0,0.0
715.0,0.02444,0.00894,0.0085,0.0085,0.00794,0.00789,0.00786
716.0,0.0,0.0,0.0,0.0,0.0,0.0,0.0
717.0,0.0,0.0,0.0,0.0,0.0,0.0,0.0
718.0,0.0,0.0,0.0,0.0,0.0,0.0,0.0
719.0,0.0,0.0,0.0,0.0,0.0,0.0,0.0
720.0,0.0,0.0,0.0,0.0,0.0,0.0,0.0
721.0,0.0,0.0,0.0,0.0,0.0,0.0,0.0
722.0,0.0,0.0,0.0,0.0,0.0,0.0,0.0
723.0,0.0,0.0,0.0,0.0,0.0,0.0,0.0
724.0,0.0,0.0,0.0,0.0,0.0,0.0,0.0
725.0,0.0,0.0,0.0,0.0,0.0,0.0,0.0
726.0,0.0,0.0,0.0,0.0,0.0,0.0,0.0
727.0,0.0,0.0,0.0,0.0,0.0,0.0,0.0
728.0,0.0,0.0,0.0,0.0,0.0,0.0,0.0
729.0,0.0,0.0,0.0,0.0,0.0,0.0,0.0
730.0,0.0,0.0,0.0,0.0,0.0,0.0,0.0
731.0,0.0,0.0,0.0,0.0,0.0,0.0,0.0
732.0,0.0,0.0,0.0,0.0,0.0,0.0,0.0
733.0,0.0,0.0,0.0,0.0,0.0,0.0,0.0
734.0,0.0,0.0,0.0,0.0,0.0,0.0,0.0
735.0,0.0,0.0,0.0,0.0,0.0,0.0,0.0
736.0,0.0,0.0,0.0,0.0,0.0,0.0,0.0
737.0,0.0,0.0,0.0,0.0,0.0,0.0,0.0
738.0,0.0,0.0,0.0,0.0,0.0,0.0,0.0
739.0,0.0,0.0,0.0,0.0,0.0,0.0,0.0
740.0,0.0,0.0,0.0,0.0,0.0,0.0,0.0
741.0,0.0,0.0,0.0,0.0,0.0,0.0,0.0
742.0,0.0,0.0,0.0,0.0,0.0,0.0,0.0
743.0,0.0,0.0,0.0,0.0,0.0,0.0,0.0
744.0,0.0,0.0,0.0,0.0,0.0,0.0,0.0
745.0,0.0,0.0,0.0,0.0,0.0,0.0,0.0
746.0,0.0,0.0,0.0,0.0,0.0,0.0,0.0
747.0,0.0,0.0,0.0,0.0,0.0,0.0,0.0
748.0,0.0,0.0,0.0,0.0,0.0,0.0,0.0
749.0,0.0,0.0,0.0,0.0,0.0,0.0,0.0
750.0,0.0,0.0,0.0,0.0,0.0,0.0,0.0
751.0,0.0,0.0,0.0,0.0,0.0,0.0,0.0
752.0,0.0,0.0,0.0,0.0,0.0,0.0,0.0
753.0,0.0,0.0,0.0,0.0,0.0,0.0,0.0
754.0,0.0,0.0,0.0,0.0,0.0,0.0,0.0
755.0,0.0,0.0,0.0,0.0,0.0,0.0,0.0
756.0,0.0,0.0,0.0,0.0,0.0,0.0,0.0
757.0,0.00137,0.00137,0.00137,0.00137,0.00137,0.00137,0.00137
758.0,0.0,0.0,0.0,0.0,0.0,0.0,0.0
759.0,0.00137,0.00137,0.00137,0.00137,0.00137,0.00137,0.00137
760.0,0.0,0.0,0.0,0.0,0.0,0.0,0.0
761.0,0.0,0.0,0.0,0.0,0.0,0.0,0.0
762.0,0.00137,0.00137,0.00137,0.00137,0.00137,0.00137,0.00137
763.0,0.0,0.0,0.0,0.0,0.0,0.0,0.0
764.0,0.0,0.0,0.0,0.0,0.0,0.0,0.0
765.0,0.0,0.0,0.0,0.0,0.0,0.0,0.0
766.0,0.0,0.0,0.0,0.0,0.0,0.0,0.0
767.0,0.0,0.0,0.0,0.0,0.0,0.0,0.0
768.0,0.0,0.0,0.0,0.0,0.0,0.0,0.0
769.0,0.0,0.0,0.0,0.0,0.0,0.0,0.0
770.0,0.0,0.0,0.0,0.0,0.0,0.0,0.0
771.0,0.0,0.0,0.0,0.0,0.0,0.0,0.0
772.0,0.0,0.0,0.0,0.0,0.0,0.0,0.0
773.0,0.0,0.0,0.0,0.0,0.0,0.0,0.0
774.0,0.0,0.0,0.0,0.0,0.0,0.0,0.0
775.0,0.0,0.0,0.0,0.0,0.0,0.0,0.0
776.0,0.0,0.0,0.0,0.0,0.0,0.0,0.0
777.0,0.0,0.0,0.0,0.0,0.0,0.0,0.0
778.0,0.00144,0.0,0.0,0.0,0.0,0.0,0.0
779.0,0.00144,0.0,0.0,0.0,0.0,0.0,0.0
780.0,0.0,0.0,0.0,0.0,0.0,0.0,0.0
781.0,0.0,0.0,0.0,0.0,0.0,0.0,0.0
782.0,0.0,0.0,0.0,0.0,0.0,0.0,0.0
783.0,0.0,0.0,0.0,0.0,0.0,0.0,0.0
784.0,0.0,0.0,0.0,0.0,0.0,0.0,0.0
785.0,0.0,0.0,0.0,0.0,0.0,0.0,0.0
786.0,0.0,0.0,0.0,0.0,0.0,0.0,0.0
787.0,0.0,0.0,0.0,0.0,0.0,0.0,0.0
788.0,0.0,0.0,0.0,0.0,0.0,0.0,0.0
789.0,0.0,0.0,0.0,0.0,0.0,0.0,0.0
790.0,0.0,0.0,0.0,0.0,0.0,0.0,0.0
791.0,0.0,0.0,0.0,0.0,0.0,0.0,0.0
792.0,0.0,0.0,0.0,0.0,0.0,0.0,0.0
793.0,0.0,0.0,0.0,0.0,0.0,0.0,0.0
794.0,0.00461,0.00461,0.00461,0.00461,0.00461,0.00461,0.00461
795.0,0.0,0.0,0.0,0.0,0.0,0.0,0.0
796.0,0.0,0.0,0.0,0.0,0.0,0.0,0.0
797.0,0.0,0.0,0.0,0.0,0.0,0.0,0.0
798.0,0.0,0.0,0.0,0.0,0.0,0.0,0.0
799.0,0.00382,0.00382,0.00382,0.00382,0.00382,0.00382,0.00382
800.0,0.0,0.0,0.0,0.0,0.0,0.0,0.0
801.0,0.0,0.0,0.0,0.0,0.0,0.0,0.0
802.0,0.0,0.0,0.0,0.0,0.0,0.0,0.0
803.0,0.0,0.0,0.0,0.0,0.0,0.0,0.0
804.0,0.0,0.0,0.0,0.0,0.0,0.0,0.0
805.0,0.0,0.0,0.0,0.0,0.0,0.0,0.0
806.0,0.0,0.0,0.0,0.0,0.0,0.0,0.0
807.0,0.0,0.0,0.0,0.0,0.0,0.0,0.0
808.0,0.0,0.0,0.0,0.0,0.0,0.0,0.0
809.0,0.0,0.0,0.0,0.0,0.0,0.0,0.0
810.0,0.0,0.0,0.0,0.0,0.0,0.0,0.0
811.0,0.0,0.0,0.0,0.0,0.0,0.0,0.0
812.0,0.0,0.0,0.0,0.0,0.0,0.0,0.0
813.0,0.0,0.0,0.0,0.0,0.0,0.0,0.0
814.0,0.0,0.0,0.0,0.0,0.0,0.0,0.0
815.0,0.0,0.0,0.0,0.0,0.0,0.0,0.0
816.0,0.0,0.0,0.0,0.0,0.0,0.0,0.0
817.0,0.0,0.0,0.0,0.0,0.0,0.0,0.0
818.0,0.0,0.0,0.0,0.0,0.0,0.0,0.0
819.0,0.0,0.0,0.0,0.0,0.0,0.0,0.0
820.0,0.0,0.0,0.0,0.0,0.0,0.0,0.0
821.0,0.0,0.0,0.0,0.0,0.0,0.0,0.0
822.0,0.0,0.0,0.0,0.0,0.0,0.0,0.0
823.0,0.0,0.0,0.0,0.0,0.0,0.0,0.0
824.0,0.0,0.0,0.0,0.0,0.0,0.0,0.0
825.0,0.0,0.0,0.0,0.0,0.0,0.0,0.0
826.0,0.0,0.0,0.0,0.0,0.0,0.0,0.0
827.0,0.0,0.0,0.0,0.0,0.0,0.0,0.0
828.0,0.0,0.0,0.0,0.0,0.0,0.0,0.0
829.0,0.0,0.0,0.0,0.0,0.0,0.0,0.0
830.0,0.0,0.0,0.0,0.0,0.0,0.0,0.0
831.0,0.0,0.0,0.0,0.0,0.0,0.0,0.0
832.0,0.0,0.0,0.0,0.0,0.0,0.0,0.0
833.0,0.00197,0.00197,0.00197,0.00197,0.00197,0.00197,0.00197
834.0,0.0,0.0,0.0,0.0,0.0,0.0,0.0
835.0,0.0,0.0,0.0,0.0,0.0,0.0,0.0
836.0,0.0,0.0,0.0,0.0,0.0,0.0,0.0
837.0,0.0,0.0,0.0,0.0,0.0,0.0,0.0
838.0,0.0,0.0,0.0,0.0,0.0,0.0,0.0
839.0,0.0,0.0,0.0,0.0,0.0,0.0,0.0
840.0,0.00142,0.00142,0.00142,0.00142,0.00142,0.00142,0.00142
841.0,0.0032,0.0032,0.0032,0.0032,0.0032,0.0032,0.0032
842.0,0.0,0.0,0.0,0.0,0.0,0.0,0.0
843.0,0.0,0.0,0.0,0.0,0.0,0.0,0.0
844.0,0.0,0.0,0.0,0.0,0.0,0.0,0.0
845.0,0.0,0.0,0.0,0.0,0.0,0.0,0.0
846.0,0.00054,0.00054,0.00054,0.00054,0.00054,0.00054,0.00054
847.0,0.00054,0.00054,0.00054,0.00054,0.00054,0.00054,0.00054
848.0,0.0,0.0,0.0,0.0,0.0,0.0,0.0
849.0,0.0,0.0,0.0,0.0,0.0,0.0,0.0
850.0,0.0,0.0,0.0,0.0,0.0,0.0,0.0
851.0,0.0,0.0,0.0,0.0,0.0,0.0,0.0
852.0,0.0,0.0,0.0,0.0,0.0,0.0,0.0
853.0,0.0,0.0,0.0,0.0,0.0,0.0,0.0
854.0,0.0,0.0,0.0,0.0,0.0,0.0,0.0
855.0,0.0,0.0,0.0,0.0,0.0,0.0,0.0
856.0,0.0,0.0,0.0,0.0,0.0,0.0,0.0
857.0,0.0,0.0,0.0,0.0,0.0,0.0,0.0
858.0,0.0,0.0,0.0,0.0,0.0,0.0,0.0
859.0,0.0,0.0,0.0,0.0,0.0,0.0,0.0
860.0,0.0,0.0,0.0,0.0,0.0,0.0,0.0
861.0,0.0,0.0,0.0,0.0,0.0,0.0,0.0
862.0,0.0,0.0,0.0,0.0,0.0,0.0,0.0
863.0,0.0,0.0,0.0,0.0,0.0,0.0,0.0
864.0,0.0,0.0,0.0,0.0,0.0,0.0,0.0
865.0,0.0,0.0,0.0,0.0,0.0,0.0,0.0
866.0,0.0,0.0,0.0,0.0,0.0,0.0,0.0
867.0,0.0,0.0,0.0,0.0,0.0,0.0,0.0
868.0,0.0,0.0,0.0,0.0,0.0,0.0,0.0
869.0,0.0,0.0,0.0,0.0,0.0,0.0,0.0
870.0,0.0,0.0,0.0,0.0,0.0,0.0,0.0
871.0,0.0,0.0,0.0,0.0,0.0,0.0,0.0
872.0,0.00287,0.00287,0.00287,0.00287,0.00287,0.00287,0.00287
873.0,0.0,0.0,0.0,0.0,0.0,0.0,0.0
874.0,0.0,0.0,0.0,0.0,0.0,0.0,0.0
875.0,0.0,0.0,0.0,0.0,0.0,0.0,0.0
876.0,0.0,0.0,0.0,0.0,0.0,0.0,0.0
877.0,0.0,0.0,0.0,0.0,0.0,0.0,0.0
878.0,0.0,0.0,0.0,0.0,0.0,0.0,0.0
879.0,0.00192,0.00192,0.00192,0.00192,0.00192,0.00192,0.00192
880.0,0.0,0.0,0.0,0.0,0.0,0.0,0.0
881.0,0.0053,0.00529,0.00528,0.00528,0.00468,0.00467,0.00467
882.0,0.00352,0.00352,0.00352,0.00352,0.00352,0.00352,0.00352
883.0,0.0,0.0,0.0,0.0,0.0,0.0,0.0
884.0,0.0,0.0,0.0,0.0,0.0,0.0,0.0
885.0,0.0,0.0,0.0,0.0,0.0,0.0,0.0
886.0,0.0,0.0,0.0,0.0,0.0,0.0,0.0
887.0,0.0,0.0,0.0,0.0,0.0,0.0,0.0
888.0,0.0,0.0,0.0,0.0,0.0,0.0,0.0
889.0,0.0,0.0,0.0,0.0,0.0,0.0,0.0
890.0,0.0,0.0,0.0,0.0,0.0,0.0,0.0
891.0,0.0,0.0,0.0,0.0,0.0,0.0,0.0
892.0,0.0,0.0,0.0,0.0,0.0,0.0,0.0
893.0,0.0,0.0,0.0,0.0,0.0,0.0,0.0
894.0,0.0,0.0,0.0,0.0,0.0,0.0,0.0
895.0,0.0,0.0,0.0,0.0,0.0,0.0,0.0
896.0,0.0,0.0,0.0,0.0,0.0,0.0,0.0
897.0,0.0,0.0,0.0,0.0,0.0,0.0,0.0
898.0,0.0,0.0,0.0,0.0,0.0,0.0,0.0
899.0,0.0,0.0,0.0,0.0,0.0,0.0,0.0
900.0,0.0,0.0,0.0,0.0,0.0,0.0,0.0
901.0,0.0,0.0,0.0,0.0,0.0,0.0,0.0
902.0,0.0,0.0,0.0,0.0,0.0,0.0,0.0
903.0,0.0,0.0,0.0,0.0,0.0,0.0,0.0
904.0,0.01488,0.01487,0.01198,0.01486,0.00294,0.00294,0.00294
905.0,0.0,0.0,0.0,0.0,0.0,0.0,0.0
906.0,0.0,0.0,0.0,0.0,0.0,0.0,0.0
907.0,0.0,0.0,0.0,0.0,0.0,0.0,0.0
908.0,0.0,0.0,0.0,0.0,0.0,0.0,0.0
909.0,0.0,0.0,0.0,0.0,0.0,0.0,0.0
910.0,0.0,0.0,0.0,0.0,0.0,0.0,0.0
911.0,0.0,0.0,0.0,0.0,0.0,0.0,0.0
912.0,0.0,0.0,0.0,0.0,0.0,0.0,0.0
913.0,0.0,0.0,0.0,0.0,0.0,0.0,0.0
914.0,0.0,0.0,0.0,0.0,0.0,0.0,0.0
915.0,0.0,0.0,0.0,0.0,0.0,0.0,0.0
916.0,0.0,0.0,0.0,0.0,0.0,0.0,0.0
917.0,0.0,0.0,0.0,0.0,0.0,0.0,0.0
918.0,0.0,0.0,0.0,0.0,0.0,0.0,0.0
919.0,0.0,0.0,0.0,0.0,0.0,0.0,0.0
920.0,0.0,0.0,0.0,0.0,0.0,0.0,0.0
921.0,0.0,0.0,0.0,0.0,0.0,0.0,0.0
922.0,0.0,0.0,0.0,0.0,0.0,0.0,0.0
923.0,0.0,0.0,0.0,0.0,0.0,0.0,0.0
924.0,0.0,0.0,0.0,0.0,0.0,0.0,0.0
925.0,0.0,0.0,0.0,0.0,0.0,0.0,0.0
926.0,0.0,0.0,0.0,0.0,0.0,0.0,0.0
927.0,0.0,0.0,0.0,0.0,0.0,0.0,0.0
928.0,0.0,0.0,0.0,0.0,0.0,0.0,0.0
929.0,0.0,0.0,0.0,0.0,0.0,0.0,0.0
930.0,0.0,0.0,0.0,0.0,0.0,0.0,0.0
931.0,0.0,0.0,0.0,0.0,0.0,0.0,0.0
932.0,0.0,0.0,0.0,0.0,0.0,0.0,0.0
933.0,0.0,0.0,0.0,0.0,0.0,0.0,0.0
934.0,0.0,0.0,0.0,0.0,0.0,0.0,0.0
935.0,0.0,0.0,0.0,0.0,0.0,0.0,0.0
936.0,0.0,0.0,0.0,0.0,0.0,0.0,0.0
937.0,0.0,0.0,0.0,0.0,0.0,0.0,0.0
938.0,0.0,0.0,0.0,0.0,0.0,0.0,0.0
939.0,0.0,0.0,0.0,0.0,0.0,0.0,0.0
940.0,0.0,0.0,0.0,0.0,0.0,0.0,0.0
941.0,0.0,0.0,0.0,0.0,0.0,0.0,0.0
942.0,0.0,0.0,0.0,0.0,0.0,0.0,0.0
943.0,0.0,0.0,0.0,0.0,0.0,0.0,0.0
944.0,0.0,0.0,0.0,0.0,0.0,0.0,0.0
945.0,0.0,0.0,0.0,0.0,0.0,0.0,0.0
946.0,0.0,0.0,0.0,0.0,0.0,0.0,0.0
947.0,0.0,0.0,0.0,0.0,0.0,0.0,0.0
948.0,0.0,0.0,0.0,0.0,0.0,0.0,0.0
949.0,0.0,0.0,0.0,0.0,0.0,0.0,0.0
950.0,0.0,0.0,0.0,0.0,0.0,0.0,0.0
951.0,0.0,0.0,0.0,0.0,0.0,0.0,0.0
952.0,0.0,0.0,0.0,0.0,0.0,0.0,0.0
953.0,0.0,0.0,0.0,0.0,0.0,0.0,0.0
954.0,0.0,0.0,0.0,0.0,0.0,0.0,0.0
955.0,0.0,0.0,0.0,0.0,0.0,0.0,0.0
956.0,0.0,0.0,0.0,0.0,0.0,0.0,0.0
957.0,0.0,0.0,0.0,0.0,0.0,0.0,0.0
958.0,0.0,0.0,0.0,0.0,0.0,0.0,0.0
959.0,0.0,0.0,0.0,0.0,0.0,0.0,0.0
960.0,0.0,0.0,0.0,0.0,0.0,0.0,0.0
961.0,0.0,0.0,0.0,0.0,0.0,0.0,0.0
962.0,0.0,0.0,0.0,0.0,0.0,0.0,0.0
963.0,0.0,0.0,0.0,0.0,0.0,0.0,0.0
964.0,0.0,0.0,0.0,0.0,0.0,0.0,0.0
965.0,0.0,0.0,0.0,0.0,0.0,0.0,0.0
966.0,0.0,0.0,0.0,0.0,0.0,0.0,0.0
967.0,0.0,0.0,0.0,0.0,0.0,0.0,0.0
968.0,0.0,0.0,0.0,0.0,0.0,0.0,0.0
969.0,0.0,0.0,0.0,0.0,0.0,0.0,0.0
970.0,0.0,0.0,0.0,0.0,0.0,0.0,0.0
971.0,0.0,0.0,0.0,0.0,0.0,0.0,0.0
972.0,0.0,0.0,0.0,0.0,0.0,0.0,0.0
973.0,0.0,0.0,0.0,0.0,0.0,0.0,0.0
974.0,0.0,0.0,0.0,0.0,0.0,0.0,0.0
975.0,0.0,0.0,0.0,0.0,0.0,0.0,0.0
976.0,0.0,0.0,0.0,0.0,0.0,0.0,0.0
977.0,0.0,0.0,0.0,0.0,0.0,0.0,0.0
978.0,0.0,0.0,0.0,0.0,0.0,0.0,0.0
979.0,0.0,0.0,0.0,0.0,0.0,0.0,0.0
980.0,0.0,0.0,0.0,0.0,0.0,0.0,0.0
981.0,0.0,0.0,0.0,0.0,0.0,0.0,0.0
982.0,0.0,0.0,0.0,0.0,0.0,0.0,0.0
983.0,0.0,0.0,0.0,0.0,0.0,0.0,0.0
984.0,0.0,0.0,0.0,0.0,0.0,0.0,0.0
985.0,0.0,0.0,0.0,0.0,0.0,0.0,0.0
986.0,0.0,0.0,0.0,0.0,0.0,0.0,0.0
