ID,fatalities,injuries,masterid,LAT,LNG
10048,0,16,10048,40.68840825,-73.98656822
37617,0,27,37617,40.68259427,-73.9626444
14981,1,41,14981,40.68151918,-73.98326434
19112,1,64,19112,40.68026662,-73.97469118
30726,0,5,30726,40.65836327,-73.98097797
11798,0,17,11798,40.68845873,-73.98271472
4219,0,20,4219,40.66406232,-73.96110887
27486,0,47,27486,40.69608701,-73.97343558
2331,0,2,2331,40.65531083,-73.9765707
10491,0,3,10491,40.65638086,-73.98065288
21419,0,34,21419,40.67279588,-73.98328198
20574,0,12,20574,40.66274337,-73.981728
37169,0,15,37169,40.69788507,-73.97180794
27353,0,13,27353,40.68781918,-73.96269328
4022,0,68,4022,40.68963131,-73.98573937
27228,0,10,27228,40.6847798,-73.96307205
20439,0,1,20439,40.67754968,-73.99136984
37377,0,31,37377,40.68752799,-73.97172666
14018,0,35,14018,40.6552461,-73.98179569
6148,0,15,6148,40.6936048,-73.99274366
37106,0,13,37106,40.6915448,-73.96849273
34609,0,0,34609,40.65203267,-73.97999354
5957,0,136,5957,40.68861555,-73.98916813
7272,0,26,7272,40.66214149,-73.98223034
28988,0,2,28988,40.6767725,-73.98550682
20654,0,45,20654,40.6818574,-73.98004655
28675,0,40,28675,40.66975122,-73.989212
4348,0,24,4348,40.68962189,-73.97312638
29201,0,4,29201,40.69170761,-73.97354019
34671,0,2,34671,40.65143684,-73.97579847
2921,0,13,2921,40.67869971,-73.9757493
18170,0,34,18170,40.66616952,-73.98880924
2717,0,105,2717,40.67737738,-73.97250255
16703,0,29,16703,40.65981686,-73.98784059
34614,0,32,34614,40.64952409,-73.98071175
11050,0,3,11050,40.68958294,-73.99467754
43895,0,0,43895,40.6749974,-73.99138441
17892,0,20,17892,40.67319917,-73.97632233
33052,0,40,33052,40.67536085,-73.96969318
20560,0,7,20560,40.67426161,-73.99199451
36739,0,3,36739,40.67384546,-74.0102398
13839,0,13,13839,40.69215444,-73.9934376
13477,0,8,13477,40.67794445,-74.00679656
3162,0,15,3162,40.65400237,-73.97992551
41907,0,16,41907,40.68214896,-73.98285436
32509,0,1,32509,40.65242102,-73.97900554
34550,0,0,34550,40.67648737,-73.98476595
34089,0,1,34089,40.67976211,-74.00522105
11364,0,21,11364,40.67893384,-73.96195644
37538,0,22,37538,40.68278057,-73.98241638
21292,0,22,21292,40.66857836,-73.98679977
2240,0,4,2240,40.67847947,-73.9932954
2639,0,1,2639,40.65848305,-73.98563745
22530,0,2,22530,40.67846823,-73.98782249
42922,0,13,42922,40.65945788,-73.9917997
2026,0,15,2026,40.65986276,-73.97751171
3724,0,36,3724,40.67590638,-73.96949739
11331,0,4,11331,40.65063708,-73.97783285
21673,0,17,21673,40.66676994,-73.98830661
41295,0,164,41295,40.69612593,-73.9871033
25536,0,45,25536,40.67575463,-73.97142293
11961,0,38,11961,40.6794191,-73.96822664
43278,0,145,43278,40.66666764,-73.99496503
4571,0,2,4571,40.68999904,-73.96332152
31532,0,0,31532,40.67620286,-73.99771821
43166,0,63,43166,40.6531894,-73.96621322
28030,0,0,28030,40.64994766,-73.97959824
5139,0,19,5139,40.66358978,-73.99108907
18466,1,160,18466,40.64729716,-73.98029116
34524,0,7,34524,40.66224717,-73.9888816
33891,0,21,33891,40.68024537,-73.98413878
30114,0,24,30114,40.69164378,-73.96753123
20620,0,13,20620,40.6509656,-73.97697181
3055,0,7,3055,40.66159482,-73.9793506
40760,0,62,40760,40.69612104,-73.97441834
4842,0,21,4842,40.66057741,-73.99063765
20173,0,3,20173,40.69189639,-73.97754497
15986,0,0,15986,40.69873631,-73.97744042
3341,0,72,3341,40.68794444,-73.98140045
40031,0,8,40031,40.68186889,-73.96347401
10629,0,3,10629,40.69180696,-73.98820701
13523,0,62,13523,40.67545484,-73.96326286
26872,0,3,26872,40.65263751,-73.98129697
4951,0,28,4951,40.67339876,-73.98278109
1963,0,26,1963,40.68675684,-73.97551988
6550,0,1,6550,40.68376501,-73.9869952
11431,0,8,11431,40.6700291,-73.97231721
41251,0,17,41251,40.65889902,-73.9923834
17959,0,0,17959,40.67321353,-73.99287512
6958,0,24,6958,40.6930477,-73.99072896
39192,0,4,39192,40.65793575,-73.98026754
39963,0,39,39963,40.65887308,-74.00293052
34916,0,0,34916,40.68398331,-73.97495529
11833,0,0,11833,40.659416,-73.98009217
4032,0,19,4032,40.68079008,-73.99172797
21039,0,2,21039,40.68280336,-74.00004865
35014,0,31,35014,40.69328656,-73.97385472
26472,0,24,26472,40.68901798,-73.98615534
24036,1,94,24036,40.67285693,-73.99906501
21009,0,8,21009,40.66984714,-73.98242842
28075,0,68,28075,40.6831311,-73.97918972
25118,1,123,25118,40.68608649,-73.98266032
13844,0,16,13844,40.66864205,-73.98343451
33461,0,9,33461,40.67735547,-74.00445543
41536,0,23,41536,40.65399497,-73.96414666
14569,0,16,14569,40.68844203,-73.9929667
36272,0,17,36272,40.67318224,-74.00260811
26028,0,11,26028,40.6844303,-73.96609457
12497,0,3,12497,40.67264237,-73.96966394
16253,0,12,16253,40.6586908,-73.98901287
26581,0,0,26581,40.67197619,-74.00089925
30003,0,44,30003,40.67215973,-73.98720922
8529,0,22,8529,40.68736513,-73.990035
41087,0,33,41087,40.69617752,-73.98035683
19284,0,28,19284,40.67995411,-73.98132916
12216,0,6,12216,40.65639232,-73.9737919
36992,0,15,36992,40.66563066,-73.98594773
8283,0,161,8283,40.68532363,-73.98070143
3489,0,10,3489,40.67784162,-73.99372511
30736,0,48,30736,40.69343307,-73.96590538
24827,0,18,24827,40.68306854,-73.99555743
42882,0,21,42882,40.68686534,-73.96446983
11855,0,18,11855,40.67530181,-73.96661255
41004,0,22,41004,40.68481315,-73.99176178
19643,0,15,19643,40.68374079,-73.99523241
21308,1,23,21308,40.67462543,-74.00771093
24,0,1,24,40.67175821,-74.00912812
33679,0,71,33679,40.64769374,-73.98036335
33293,0,13,33293,40.69014308,-73.98407034
40426,0,8,40426,40.66581508,-73.97583132
40166,0,69,40166,40.66803081,-73.98394302
11336,1,153,11336,40.68692929,-73.98482931
36222,0,29,36222,40.65935542,-73.99918679
35949,0,15,35949,40.67991562,-73.97493106
3519,0,30,3519,40.68405355,-73.98156152
14059,0,1,14059,40.6517823,-73.97488322
42529,0,16,42529,40.68088023,-73.9837114
26494,0,10,26494,40.67222183,-73.97381973
6394,0,25,6394,40.66905306,-73.99302899
86,0,11,86,40.66442521,-73.98695102
21396,0,87,21396,40.66507358,-73.99655866
32859,0,15,32859,40.68417832,-73.99219162
27445,0,56,27445,40.65775907,-74.00409979
35051,0,13,35051,40.67793904,-73.96565863
39939,0,154,39939,40.66891527,-73.99658761
33097,0,9,33097,40.67691591,-74.00288416
14399,0,15,14399,40.67669269,-74.00208993
41299,0,62,41299,40.68630969,-73.97443996
22562,1,21,22562,40.64912867,-73.97659642
42241,0,9,42241,40.65747887,-73.97951266
22750,0,9,22750,40.69456923,-73.99066542
34941,0,10,34941,40.66455161,-73.98022171
7187,0,6,7187,40.65406723,-74.00099519
29957,0,17,29957,40.64718167,-73.98132888
24259,0,29,24259,40.68468845,-73.98113227
17212,0,103,17212,40.68913674,-73.9907067
34808,0,36,34808,40.67260415,-73.99337906
24599,1,16,24599,40.67159109,-73.98428862
43861,0,7,43861,40.66924496,-73.98293217
10060,0,1,10060,40.64882283,-73.9715593
38466,0,17,38466,40.67206608,-73.99051727
3191,0,2,3191,40.67556936,-73.98553082
18713,0,133,18713,40.69584685,-73.96738296
7382,0,20,7382,40.65341634,-73.98145294
4441,0,2,4441,40.6760449,-73.99714858
36893,0,1,36893,40.68998648,-73.9827672
18156,0,68,18156,40.69023948,-73.99436093
35350,0,39,35350,40.67931926,-73.98176981
18274,0,164,18274,40.66328505,-73.96095595
23424,2,69,23424,40.67145847,-73.99102304
25406,0,353,25406,40.66318261,-73.96245016
21229,0,17,21229,40.65880944,-73.98171697
31425,0,66,31425,40.69313424,-73.96983119
35419,0,6,35419,40.65630686,-73.99867042
17875,0,6,17875,40.65407937,-73.97759635
17555,0,23,17555,40.66870544,-73.98006852
17492,0,9,17492,40.65734725,-73.97404458
34352,0,22,34352,40.65326358,-73.96381166
22176,0,0,22176,40.69481374,-73.98326385
16461,0,36,16461,40.69322986,-73.96784359
22248,0,67,22248,40.67231466,-73.9992651
42093,0,11,42093,40.66683382,-73.98494233
32131,0,25,32131,40.66460638,-73.97684517
24778,0,6,24778,40.65694013,-73.98007013
40240,0,105,40240,40.64779592,-73.97495746
16819,0,80,16819,40.66564166,-73.99599527
4211,0,35,4211,40.66330275,-73.96061545
7674,0,7,7674,40.6854525,-73.99440802
4753,0,41,4753,40.68956106,-73.96711539
43385,1,21,43385,40.67961234,-73.98456912
3149,0,46,3149,40.69502118,-73.98883176
26514,0,6,26514,40.65872279,-73.97515738
22487,0,17,22487,40.68362881,-73.99755088
25628,0,12,25628,40.65854722,-73.99633561
43063,0,30,43063,40.65654911,-74.00209289
20034,0,48,20034,40.68412941,-73.96899198
36124,0,37,36124,40.68986943,-73.98830047
13704,0,59,13704,40.67863912,-73.97350883
37789,0,15,37789,40.67617973,-73.96629558
6241,0,16,6241,40.66629567,-73.98207771
9108,0,13,9108,40.65090816,-73.97171556
38660,0,12,38660,40.66169904,-73.98947
5279,0,16,5279,40.67868178,-73.99767157
7264,0,18,7264,40.69295741,-73.98298466
10389,0,5,10389,40.68414456,-73.99940055
24429,1,22,24429,40.68950631,-73.97013154
2958,0,1,2958,40.67381281,-73.99236938
34375,0,57,34375,40.69159658,-73.99144825
18797,0,15,18797,40.69796045,-73.97379871
30195,0,13,30195,40.67770888,-73.98586016
3385,1,98,3385,40.66092533,-73.96077846
11170,0,47,11170,40.66334968,-73.99828572
20144,0,3,20144,40.67124822,-73.97132526
42664,0,28,42664,40.68059317,-73.98088952
17628,0,101,17628,40.68485662,-73.9780429
41173,0,6,41173,40.67019527,-73.99539183
18462,0,11,18462,40.67231827,-73.97705629
3302,0,16,3302,40.68775161,-73.96978314
27711,0,13,27711,40.68290919,-73.99305193
13355,0,21,13355,40.67577837,-73.98088902
1473,0,4,1473,40.68573326,-73.96130572
3745,0,21,3745,40.68431921,-73.96705568
37094,0,11,37094,40.67670719,-73.97710231
35202,0,36,35202,40.68617459,-73.9704703
32577,0,15,32577,40.64958305,-73.97519446
29022,1,285,29022,40.68176826,-73.96753096
1394,0,11,1394,40.65910783,-73.99575279
30999,0,18,30999,40.68529348,-73.97620068
3056,0,29,3056,40.68672775,-73.99046739
34566,0,42,34566,40.67654705,-73.96352862
1929,0,10,1929,40.65391251,-73.97305104
6890,1,40,6890,40.6812275,-73.98047476
37338,0,2,37338,40.67842017,-74.0000548
26469,0,7,26469,40.67743049,-73.97661553
19286,0,55,19286,40.68967259,-73.96613499
36203,2,29,36203,40.68945227,-73.96807787
31823,0,1,31823,40.69303547,-73.9842921
40419,0,0,40419,40.68142548,-74.00071221
7912,0,1,7912,40.65751465,-73.97615409
15876,0,14,15876,40.66078984,-73.99400419
4823,0,1,4823,40.68079172,-74.00101784
35542,0,2,35542,40.65792048,-73.98622761
37439,0,19,37439,40.68008286,-73.97139415
10930,0,6,10930,40.6580698,-74.00761889
8969,0,4,8969,40.6778333,-73.98825383
3602,0,18,3602,40.6918711,-73.96559989
22436,0,1,22436,40.65805251,-73.97902227
33370,0,0,33370,40.65322874,-73.97699505
3557,0,21,3557,40.66328374,-73.98459157
5687,0,10,5687,40.66978245,-73.98579539
21803,0,23,21803,40.65715035,-73.98343864
33061,1,195,33061,40.67339197,-73.96969166
25521,0,6,25521,40.65464926,-73.97326628
27049,0,16,27049,40.69629706,-73.97851835
26499,0,30,26499,40.66556634,-73.98931273
4398,0,19,4398,40.67576811,-73.98419572
19560,0,174,19560,40.68744842,-73.98011113
18865,0,10,18865,40.67057614,-73.97519617
25896,0,36,25896,40.69361995,-73.96405098
35670,0,15,35670,40.66382323,-73.98745316
26063,0,12,26063,40.67417101,-73.97882278
15801,0,39,15801,40.68395567,-73.98955663
28981,0,0,28981,40.6590501,-73.97933977
32004,0,11,32004,40.65901329,-73.98508679
17574,0,56,17574,40.6583134,-74.00351948
3422,0,2,3422,40.67948243,-73.99537354
28387,0,26,28387,40.65925121,-73.98843135
13739,0,76,13739,40.69336082,-73.97584816
23709,0,26,23709,40.69792084,-73.97279478
43987,0,4,43987,40.68992217,-73.98350982
12323,0,42,12323,40.68095546,-73.96767828
15145,0,48,15145,40.66440162,-73.99393016
22571,0,3,22571,40.65309977,-73.97513631
20844,0,122,20844,40.68156262,-73.9665765
20067,0,9,20067,40.68712723,-73.99360423
10309,0,14,10309,40.66093622,-73.98323712
8707,0,11,8707,40.6867136,-73.97905711
27767,0,61,27767,40.69600875,-73.97142546
6666,0,7,6666,40.68609625,-73.99635808
13576,0,43,13576,40.6469274,-73.9823094
29137,0,7,29137,40.67347054,-73.99838807
32271,0,112,32271,40.68183563,-73.97583406
31601,0,40,31601,40.65710787,-74.00150985
35168,1,38,35168,40.66688832,-73.9815818
29047,0,3,29047,40.64948227,-73.97335288
10709,0,25,10709,40.67327082,-73.98951104
8057,0,30,8057,40.6807332,-73.97450396
22848,0,4,22848,40.68213315,-74.0003716
718,0,1,718,40.67236382,-74.00507902
22453,0,21,22453,40.68857104,-73.9910934
15989,0,8,15989,40.68037264,-73.98653303
5652,0,54,5652,40.67799868,-73.97305252
28853,0,2,28853,40.69488514,-73.98514306
34267,0,11,34267,40.66395033,-73.98072353
734,0,36,734,40.6814869,-73.97702317
2130,1,32,2130,40.6615924,-73.99684906
33924,0,26,33924,40.69219479,-73.98627232
15042,0,21,15042,40.67950195,-73.99728253
10918,0,4,10918,40.67475731,-74.0105535
24715,0,11,24715,40.67480452,-73.97839032
20235,0,39,20235,40.67474149,-73.9977698
14236,0,5,14236,40.68031545,-73.99688644
40190,0,14,40190,40.66302868,-73.99167275
40045,0,3,40045,40.69297739,-73.98251748
18240,0,14,18240,40.67098919,-73.98478987
6542,0,97,6542,40.68305541,-73.97376366
30474,0,8,30474,40.67510166,-74.00168277
17380,0,15,17380,40.66515475,-73.97972043
4956,0,14,4956,40.65503678,-73.97846804
28643,0,16,28643,40.69604993,-73.98508205
15855,0,1,15855,40.65275429,-73.9781473
2343,0,10,2343,40.68775162,-73.99330326
39656,0,12,39656,40.68650344,-73.98785887
17741,0,0,17741,40.65919138,-74.00645194
2580,0,6,2580,40.68629411,-73.9852592
33477,1,36,33477,40.66914594,-73.98971834
37351,0,10,37351,40.6710516,-73.98142495
18453,0,88,18453,40.67448,-73.99987577
42644,0,23,42644,40.68061138,-74.00309126
24610,0,63,24610,40.65720138,-74.00467331
39851,0,9,39851,40.66882492,-73.97332284
30796,1,280,30796,40.68442334,-73.97838863
31682,0,13,31682,40.66113865,-73.99005216
10947,0,8,10947,40.67369449,-73.96719129
12580,0,5,12580,40.67578965,-74.00116604
4122,0,10,4122,40.66569309,-73.98258126
1676,0,12,1676,40.67670957,-74.00476404
25007,0,36,25007,40.66416516,-73.99054503
6845,0,56,6845,40.6734879,-73.97295548
40807,0,17,40807,40.68544841,-73.9913325
24500,1,15,24500,40.66822309,-73.97382528
28286,0,9,28286,40.68443024,-73.99490114
32989,0,14,32989,40.64742806,-73.97911822
41989,0,5,41989,40.66208012,-73.98559572
23579,0,1,23579,40.69811583,-73.97331092
29322,0,2,29322,40.67193351,-73.97626308
39266,0,19,39266,40.68825405,-73.97928543
12795,0,17,12795,40.67584367,-73.9990391
32279,0,23,32279,40.68227427,-73.99348051
13612,0,14,13612,40.6760729,-73.9775309
20317,0,18,20317,40.69099264,-73.99174171
14655,0,6,14655,40.67768953,-74.0004046
8632,0,30,8632,40.65598894,-74.00267646
36711,0,0,36711,40.67975306,-74.00151584
9363,0,9,9363,40.68228131,-73.98523672
42024,0,69,42024,40.66588663,-73.99639876
31928,0,204,31928,40.68250861,-73.97631628
29935,0,6,29935,40.65686469,-73.998091
27502,0,29,27502,40.68085286,-73.97745458
17004,2,295,17004,40.68405229,-73.97745722
40306,0,11,40306,40.66991017,-73.97906288
39774,0,9,39774,40.6766943,-73.99682795
5627,0,19,5627,40.69638603,-73.97738953
4489,0,2,4489,40.670042,-74.00183198
43075,0,100,43075,40.66495767,-73.99335079
39565,0,2,39565,40.6911804,-73.99506807
2208,0,6,2208,40.65029122,-73.97453054
27267,0,8,27267,40.65827059,-73.98227503
32037,0,20,32037,40.66845081,-73.99353068
9944,0,11,9944,40.68087188,-73.99887682
25444,0,8,25444,40.68228733,-73.99819211
23365,0,52,23365,40.68786735,-73.96878493
41673,0,47,41673,40.69604744,-73.97244284
4714,0,68,4714,40.68983073,-73.97862494
12241,0,8,12241,40.69407432,-73.97598393
13011,0,1,13011,40.67931443,-73.98998533
14149,0,13,14149,40.66707573,-73.99507118
34532,0,27,34532,40.67752631,-73.96370854
38881,0,13,38881,40.67382774,-73.97588854
13318,0,85,13318,40.69596468,-73.97039764
22066,0,75,22066,40.68372681,-73.96796055
14358,0,7,14358,40.67131291,-74.0012199
18105,0,19,18105,40.6890969,-73.99265419
25558,0,26,25558,40.68023641,-73.96423657
36744,0,229,36744,40.69209341,-73.98255398
35919,0,6,35919,40.68822631,-73.99533326
38862,0,0,38862,40.67222798,-74.01100637
20909,0,24,20909,40.69016273,-73.98709986
33347,0,12,33347,40.68164207,-73.98567184
19576,0,0,19576,40.65334237,-73.9794892
26876,0,42,26876,40.68664685,-73.97981084
11276,0,25,11276,40.68606458,-73.97143375
43341,0,55,43341,40.66168008,-74.00002368
16158,0,1,16158,40.68121712,-73.9886992
39895,0,12,39895,40.68172342,-73.99620846
43837,0,5,43837,40.67185224,-74.00324169
31085,0,4,31085,40.68788416,-73.9954968
26790,1,6,26790,40.67285339,-73.97338544
20132,0,58,20132,40.69484021,-73.98391888
41061,0,1,41061,40.66191437,-73.98685582
3865,0,21,3865,40.66749813,-73.98107031
23229,0,1,23229,40.69220086,-73.96280894
5210,0,52,5210,40.66613823,-73.99223589
11366,0,3,11366,40.67280295,-74.00664999
9273,0,48,9273,40.69145767,-73.98734787
16967,0,0,16967,40.6942563,-73.97798584
332,1,86,332,40.67507708,-73.98800399
25224,0,29,25224,40.6885548,-73.96283559
84,0,52,84,40.68348273,-73.96688962
32225,0,57,32225,40.67677783,-73.98347107
5663,0,19,5663,40.68594572,-73.99417258
40368,0,4,40368,40.65925704,-73.97801469
5874,0,6,5874,40.68481599,-73.99908066
27410,0,14,27410,40.68522462,-73.98871156
21356,0,29,21356,40.69175568,-73.96656629
4547,0,7,4547,40.69754204,-73.98311794
11268,0,17,11268,40.67263115,-73.97000245
32675,0,10,32675,40.67468977,-73.96984179
29450,0,13,29450,40.69167949,-73.97255342
20292,0,11,20292,40.66942718,-73.97281991
35070,0,19,35070,40.69350769,-73.96498126
24249,0,67,24249,40.68820942,-73.96582205
43825,0,17,43825,40.66816808,-73.9772077
40375,0,33,40375,40.67614789,-73.98389645
18617,0,1,18617,40.67392668,-73.96871733
13378,0,7,13378,40.68347315,-73.99972556
26913,0,24,26913,40.68741519,-73.97268746
36705,0,42,36705,40.67011022,-73.99779784
26773,0,14,26773,40.66022793,-73.99458791
17897,1,48,17897,40.68946752,-73.96910363
42156,0,31,42156,40.67446629,-73.97546679
37331,0,11,37331,40.68697685,-73.96350836
14609,0,3,14609,40.6709028,-73.99685102
15535,0,6,15535,40.67958592,-73.96506694
20123,0,7,20123,40.67901107,-74.00559455
41803,0,6,41803,40.65068537,-73.97372702
15380,0,20,15380,40.67543802,-73.97796
24663,0,39,24663,40.65766687,-74.00092382
4375,0,5,4375,40.68005417,-73.99927037
35755,0,23,35755,40.67897762,-73.98499877
20510,0,47,20510,40.66669521,-73.96161628
35090,0,3,35090,40.68354371,-73.99262293
11755,0,18,11755,40.66876975,-73.97670562
43452,0,16,43452,40.68280167,-73.96071801
36919,0,0,36919,40.6976179,-73.98497856
10368,0,32,10368,40.66794551,-73.99072499
43901,0,155,43901,40.67397469,-73.98569882
18308,0,18,18308,40.67457294,-73.98520118
9748,0,13,9748,40.67514569,-73.98132615
32784,0,3,32784,40.68056909,-74.001122
10354,0,2,10354,40.67563095,-74.00350202
39310,0,2,39310,40.67443612,-74.0099589
16656,0,140,16656,40.69046751,-73.98789202
42727,0,7,42727,40.6546287,-74.00041318
23890,0,45,23890,40.68576305,-73.97307315
11634,1,17,11634,40.67079058,-73.99489522
14473,0,22,14473,40.67627105,-74.00319364
27447,0,19,27447,40.6820583,-73.99086664
36019,1,197,36019,40.69637982,-73.98019975
13447,0,46,13447,40.69334171,-73.96688042
37383,0,10,37383,40.67512112,-74.00961173
10298,1,21,10298,40.64759568,-73.97350397
3810,0,10,3810,40.69202542,-73.98179026
14278,0,9,14278,40.67446942,-74.00197005
11415,0,6,11415,40.6670221,-73.97483328
29685,0,13,29685,40.69441208,-73.97605153
32733,0,34,32733,40.68924581,-73.98872147
14737,0,4,14737,40.68675291,-73.9960412
34119,0,84,34119,40.68303972,-73.96477853
20606,0,5,20606,40.69683241,-73.9849111
37355,0,18,37355,40.68586869,-73.98828897
11849,0,179,11849,40.66550718,-73.99277001
3205,0,8,3205,40.68731407,-73.99193985
18103,0,5,18103,40.69029217,-73.98443216
32644,0,14,32644,40.67261849,-74.00059452
36265,0,32,36265,40.67854305,-73.96854214
6111,0,9,6111,40.65126977,-73.97179873
3824,0,5,3824,40.67713183,-73.99841787
34592,1,40,34592,40.69343814,-73.97782679
20146,0,5,20146,40.67549258,-73.96751875
40309,0,6,40309,40.69160186,-73.97054933
18603,1,60,18603,40.69312038,-73.9688099
39296,0,18,39296,40.67994568,-73.98955884
39260,0,2,39260,40.69883205,-73.97994806
9458,0,66,9458,40.6729881,-73.96885658
29583,0,16,29583,40.65159173,-73.98110912
1573,0,5,1573,40.68713865,-73.98742924
20789,0,22,20789,40.67086125,-73.99152256
32999,0,20,32999,40.66256342,-73.96087234
38363,0,138,38363,40.67523711,-73.97104919
16040,0,38,16040,40.69372058,-73.99045287
1514,0,13,1514,40.68608243,-73.99090315
36818,0,30,36818,40.67816621,-73.96222841
32349,0,196,32349,40.67787863,-74.00243513
30696,0,12,30696,40.68966258,-73.97410905
29345,0,23,29345,40.66190848,-73.99283831
35964,0,19,35964,40.68808871,-73.9668207
6331,0,22,6331,40.68753511,-73.97749778
27371,0,2,27371,40.65344501,-73.97425154
13741,0,5,13741,40.67570738,-73.98747869
27324,0,11,27324,40.67628545,-73.9869986
39173,0,21,39173,40.67051203,-73.97856
26049,0,29,26049,40.68719071,-73.97461657
33998,0,61,33998,40.6912377,-73.98212312
963,0,45,963,40.68377032,-73.97876928
7519,0,289,7519,40.68881956,-73.98087944
6859,1,8,6859,40.674146,-74.00600547
5684,0,28,5684,40.69800481,-73.97478664
13721,0,22,13721,40.6681033,-73.98056908
38600,0,5,38600,40.66031267,-74.00530103
11807,0,10,11807,40.65760082,-73.99018842
23274,0,15,23274,40.68269393,-73.99042374
35326,0,52,35326,40.68681922,-73.97819813
1803,0,16,1803,40.65560677,-73.97787311
35722,0,4,35722,40.68635202,-73.962398
11286,0,82,11286,40.66393546,-73.99767451
385,0,0,385,40.65511383,-73.97707697
5617,0,5,5617,40.69683934,-73.98706235
23011,0,15,23011,40.65263928,-73.97268289
30409,0,24,30409,40.66340177,-73.97784275
8023,0,1,8023,40.67904503,-73.99567138
25861,0,17,25861,40.68164034,-73.99391345
4188,0,48,4188,40.69824651,-73.98054419
4504,0,1,4504,40.66146904,-74.00409859
3092,1,28,3092,40.6821184,-73.97659585
19965,0,39,19965,40.68454599,-73.96508247
17189,0,22,17189,40.69808695,-73.97678643
36119,0,6,36119,40.68134712,-73.96551241
31680,0,1,31680,40.68639845,-73.99727742
16177,0,11,16177,40.66623221,-73.98544518
12823,0,20,12823,40.68507731,-73.97789405
31310,0,35,31310,40.65949608,-73.96055809
37544,0,24,37544,40.68977293,-73.97709802
2769,0,5,2769,40.65974795,-74.00587004
20731,0,21,20731,40.6842049,-73.96805422
29451,0,9,29451,40.67648871,-73.99872819
35874,0,10,35874,40.67475832,-73.97209571
10795,0,9,10795,40.68253257,-73.96235281
3741,2,39,3741,40.67368667,-74.00007605
42206,0,7,42206,40.65742847,-73.99750145
21031,1,173,21031,40.68351323,-73.97595023
28931,0,12,28931,40.68763828,-73.97076366
16787,0,2,16787,40.67839718,-74.00589016
13821,0,1,13821,40.64860581,-73.97275401
14925,0,108,14925,40.68087191,-73.97514317
36799,0,5,36799,40.68186239,-73.98827189
28755,0,67,28755,40.66917267,-73.98630429
13286,0,0,13286,40.68424525,-73.97205887
19886,0,38,19886,40.69252299,-73.99081907
37048,0,2,37048,40.68510848,-73.96022119
36266,2,326,36266,40.68111578,-73.96440671
11646,0,3,11646,40.67720377,-73.99415514
15932,0,28,15932,40.68312672,-73.98742957
10908,0,27,10908,40.68545823,-73.9723125
28165,0,31,28165,40.65879687,-73.99977491
13063,0,12,13063,40.65614261,-73.97729675
11125,0,1,11125,40.64812222,-73.97924992
37672,0,7,37672,40.66092986,-73.98668171
15162,0,0,15162,40.66213063,-73.98722081
24327,0,1,24327,40.68414507,-73.97302788
23258,0,33,23258,40.67851632,-73.96390202
2961,1,14,2961,40.68545114,-73.98309138
10505,0,67,10505,40.69035786,-73.98973286
23912,0,3,23912,40.69227702,-73.98818594
19236,0,13,19236,40.68990041,-73.98042941
37935,0,41,37935,40.69837451,-73.98305518
38630,0,16,38630,40.68269091,-73.96167086
520,1,531,520,40.69603351,-73.98452869
28947,0,97,28947,40.66169063,-73.96142917
31629,0,22,31629,40.677078,-73.97368696
10431,0,78,10431,40.6870254,-73.97620586
35609,0,17,35609,40.65966952,-73.9951689
25039,0,21,25039,40.69056115,-73.98510412
36345,1,48,36345,40.66725341,-73.9945434
24230,0,32,24230,40.68280663,-73.96366358
35658,0,9,35658,40.67225637,-73.98041847
25645,0,8,25645,40.66448919,-73.98358567
30,0,63,30,40.66047292,-73.99801491
24300,0,8,24300,40.65771109,-73.98285316
23329,2,69,23329,40.68674453,-73.96552511
29230,0,16,29230,40.68969982,-73.98295684
6864,0,2,6864,40.68290923,-73.98479805
33158,0,27,33158,40.6949617,-73.98716133
21414,0,55,21414,40.6554286,-74.00325835
30853,0,10,30853,40.68935801,-73.98209738
21500,0,3,21500,40.6714028,-73.99438367
38712,0,330,38712,40.69365793,-73.98364463
39276,0,36,39276,40.68239495,-73.9958811
4227,0,4,4227,40.67062947,-73.97181595
31564,0,38,31564,40.66146896,-73.98612278
19412,0,22,19412,40.67836142,-73.97914143
27166,0,6,27166,40.65366726,-73.97865348
18901,0,23,18901,40.68551308,-73.97428154
22828,0,11,22828,40.67806432,-73.97618051
1235,0,49,1235,40.66279337,-73.99887109
21244,0,16,21244,40.68708958,-73.96254657
1802,0,23,1802,40.69724595,-73.9851034
40392,0,6,40392,40.66343739,-73.98665515
43240,0,32,43240,40.68326723,-73.96586472
34462,0,27,34462,40.69320985,-73.97187262
29191,0,9,29191,40.68429777,-73.99722685
16798,1,123,16798,40.69221234,-73.9890018
20479,0,8,20479,40.68216221,-73.96059514
25108,0,17,25108,40.68588482,-73.97337475
29865,0,18,29865,40.67400015,-73.98227687
13311,0,19,13311,40.67443341,-73.96693585
6467,0,5,6467,40.69066661,-73.98536392
302,0,21,302,40.68672045,-73.98223165
13609,0,14,13609,40.67272946,-73.97091409
9766,0,25,9766,40.66756949,-73.97771695
6887,0,73,6887,40.68046658,-73.96134109
29766,0,24,29766,40.67171499,-73.97755782
38902,0,1,38902,40.69308831,-73.98622596
21367,1,10,21367,40.6802648,-73.97785088
5190,0,12,5190,40.68418143,-73.98395293
8408,0,167,8408,40.686682,-73.97936298
22206,1,98,22206,40.68777312,-73.98700001
8362,0,10,8362,40.68510014,-73.99457807
40170,0,6,40170,40.69164066,-73.97155972
6034,1,163,6034,40.69099515,-73.98932037
33179,0,22,33179,40.64752599,-73.97819074
35359,0,22,35359,40.67867921,-73.98219831
39918,1,34,39918,40.6873298,-73.98181678
7821,0,74,7821,40.68519595,-73.97827416
16501,1,29,16501,40.66246874,-73.99225494
12147,0,48,12147,40.68709088,-73.97656963
927,0,39,927,40.67868032,-73.9904264
24440,0,21,24440,40.67025742,-73.99202455
34720,0,6,34720,40.65041205,-73.9737743
34262,0,17,34262,40.6652136,-73.97633386
13174,0,22,13174,40.66153948,-73.98273252
37256,0,15,37256,40.68891457,-73.99500122
42987,0,17,42987,40.68595825,-73.9802718
8227,0,2,8227,40.65273535,-73.97608163
37583,0,1,37583,40.67155984,-73.97549401
3590,0,2,3590,40.6781615,-73.99612861
40844,0,12,40844,40.68085036,-73.97111853
30133,0,11,30133,40.66931297,-73.97956333
32562,0,14,32562,40.68595333,-73.97239833
42618,0,68,42618,40.69223408,-73.98729895
30491,0,48,30491,40.66056168,-74.00118796
5918,0,3,5918,40.6920139,-73.98148624
31957,0,8,31957,40.66636126,-73.97871463
41808,0,29,41808,40.68150464,-73.97422671
37341,0,4,37341,40.69728001,-73.98704044
27392,0,1,27392,40.65807521,-73.97313241
29344,0,7,29344,40.67573132,-73.97459637
6234,0,13,6234,40.67962944,-73.97828535
43855,0,36,43855,40.67155378,-73.98771255
38376,0,0,38376,40.67255362,-73.97466575
23967,0,0,23967,40.67097956,-73.99996328
3545,0,12,3545,40.66278625,-73.98831729
43943,1,8,43943,40.67165461,-73.98092318
34118,0,27,34118,40.68651779,-73.96749304
25793,0,2,25793,40.67810479,-73.99090791
41567,0,38,41567,40.66733651,-73.99123556
40576,0,1,40576,40.65811602,-73.97565261
25838,0,58,25838,40.67294296,-73.96745945
21610,0,8,21610,40.68438876,-73.98656303
26624,0,16,26624,40.66965487,-73.99252651
35977,0,43,35977,40.68237514,-73.96161015
317,1,19,317,40.66743647,-73.98443733
36688,0,25,36688,40.66797542,-73.98730086
37395,0,5,37395,40.6760672,-74.00508092
28220,0,11,28220,40.67460188,-73.98177483
4199,0,30,4199,40.68922772,-73.98469661
18008,0,4,18008,40.6975063,-73.98227354
32614,1,11,32614,40.65443274,-73.97908272
680,0,56,680,40.65664426,-74.00526196
4007,0,21,4007,40.68354245,-73.98437411
42622,0,39,42622,40.67970221,-73.96167999
2971,0,16,2971,40.67509702,-73.97503013
22942,0,44,22942,40.69192081,-73.97894723
29805,0,52,29805,40.67678517,-73.96917758
15911,0,0,15911,40.66930934,-74.00444665
635,0,21,635,40.68489081,-73.96210752
4383,0,17,4383,40.6783277,-73.9720267
451,0,59,451,40.65947025,-74.00231179
20181,0,5,20181,40.67285802,-73.97991686
26685,0,5,26685,40.6640119,-73.97734253
32638,0,60,32638,40.68878595,-73.98357261
16416,0,18,16416,40.6600189,-73.99121671
27213,0,4,27213,40.66094962,-73.97954422
19434,0,4,19434,40.65865576,-73.97851456
26612,0,5,26612,40.67329787,-74.00834131
15853,0,8,15853,40.68161628,-73.99851656
32439,0,11,32439,40.68459108,-73.97016463
27614,0,22,27614,40.68540558,-73.97524322
10850,0,20,10850,40.68980619,-73.97793941
12653,0,8,12653,40.6772704,-74.00153194
16474,0,8,16474,40.65249923,-73.96575121
22634,0,9,22634,40.68106004,-73.99652797
43222,0,25,43222,40.66737359,-73.98780392
21740,0,4,21740,40.66762123,-73.97433094
13905,0,27,13905,40.67768,-73.97959807
15350,0,36,15350,40.68863824,-73.98025764
2875,0,9,2875,40.68142488,-73.99129654
21120,0,4,21120,40.6954384,-73.9842138
14010,0,2,14010,40.68100852,-73.98610388
29153,0,7,29153,40.65833741,-73.99296402
19085,1,35,19085,40.66039738,-73.98723206
29677,0,19,29677,40.67111241,-73.97806037
32365,0,8,32365,40.67786602,-73.99806763
10922,0,0,10922,40.69012172,-73.96225625
11608,0,5,11608,40.6873971,-73.99573135
36734,0,34,36734,40.67804838,-73.98263066
12804,0,15,12804,40.66509175,-73.98308464
3407,0,0,3407,40.69295517,-73.98175889
25325,0,26,25325,40.67706,-73.9659745
34331,0,3,34331,40.65691181,-73.97665657
809,0,92,809,40.68241937,-73.97068345
11012,0,14,11012,40.68566045,-73.98568969
20991,0,17,20991,40.65139849,-73.97253445
36058,0,1,36058,40.67634604,-73.99236955
13835,0,94,13835,40.68969012,-73.99236367
16983,0,3,16983,40.66088948,-74.00464607
38275,0,0,38275,40.67186437,-73.97085441
21384,0,59,21384,40.67576105,-74.00136036
26871,0,128,26871,40.67034862,-73.99741627
38194,0,6,38194,40.65029214,-73.97871522
21646,0,3,21646,40.68456329,-73.99816571
37493,0,36,37493,40.67520056,-73.9993517
27888,2,68,27888,40.69770287,-73.98531846
22884,0,9,22884,40.69107706,-73.98639786
25847,0,51,25847,40.66574942,-73.9792249
42501,0,14,42501,40.66334686,-73.98122575
35231,0,35,35231,40.66224382,-73.99943734
20918,0,18,20918,40.67540003,-73.99744703
42555,0,39,42555,40.67641241,-73.98046003
25330,0,44,25330,40.66384557,-73.99450889
19076,0,8,19076,40.67719352,-74.00649163
12542,0,25,12542,40.68954382,-73.97114275
29531,1,95,29531,40.68249332,-73.9796153
27238,0,0,27238,40.6688582,-74.00291646
7928,0,3,7928,40.67450136,-73.97142973
41180,0,20,41180,40.68832568,-73.96480958
13461,0,80,13461,40.69618573,-73.97640342
13904,0,29,13904,40.68628831,-73.9694894
42592,0,36,42592,40.66784825,-73.99403555
40443,0,127,40443,40.68297221,-73.97666659
20557,0,26,20557,40.68969751,-73.97510566
5257,0,37,5257,40.67645194,-73.97410913
10902,0,0,10902,40.67923643,-73.99966394
26350,1,61,26350,40.67639465,-73.97188597
8371,0,11,8371,40.68035313,-73.9647902
31582,0,15,31582,40.68730261,-73.97364818
10373,0,157,10373,40.67035521,-73.98871015
872,0,1,872,40.67411461,-73.99807659
42085,0,23,42085,40.69804773,-73.97578276
24580,0,1,24580,40.66160287,-73.98774027
7245,0,18,7245,40.68958192,-73.97213591
30923,0,4,30923,40.68058081,-73.98912886
33971,0,31,33971,40.67095859,-73.98820739
39633,0,0,39633,40.67266439,-74.00862802
43389,0,1,43389,40.67286903,-73.97547709
30725,1,461,30725,40.69619498,-73.98876084
22035,0,4,22035,40.67883746,-73.99579395
21605,0,36,21605,40.66496334,-73.98981472
357,0,7,357,40.67771629,-73.9732484
27363,0,0,27363,40.67974351,-73.9869601
11644,0,19,11644,40.67117525,-73.97469857
4453,0,3,4453,40.67704413,-74.00071834
18712,0,24,18712,40.68817464,-73.98398778
19142,0,6,19142,40.65212773,-73.97399992
39558,0,133,39558,40.66615873,-73.99530716
24695,0,9,24695,40.68096222,-73.99437203
20528,0,2,20528,40.6664191,-73.97533715
42333,0,21,42333,40.67937857,-73.96407263
27232,0,0,27232,40.68577513,-73.99538556
26121,0,4,26121,40.65008653,-73.97538728
32002,0,31,32002,40.68502749,-73.97123922
33313,0,6,33313,40.67640534,-73.96286444
4350,0,17,4350,40.65659117,-73.98402397
2302,0,5,2302,40.68559225,-73.97331602
30821,0,21,30821,40.6959387,-73.98239002
36103,0,29,36103,40.68481627,-73.98352199
10194,0,12,10194,40.67412287,-73.97252689
12209,0,69,12209,40.68267046,-73.97186285
9308,0,4,9308,40.69764925,-73.98599529
28302,0,38,28302,40.66103398,-73.99742637
21387,0,21,21387,40.6506946,-73.9721169
43843,0,25,43843,40.6727643,-73.98670437
38850,0,3,38850,40.65813406,-73.98959238
24330,1,63,24330,40.66673569,-73.99173049
37482,0,45,37482,40.68978236,-73.96518769
17577,0,9,17577,40.69479613,-73.98245351
36314,0,14,36314,40.689863,-73.9795103
43775,0,10,43775,40.67044864,-73.9819269
40204,0,7,40204,40.69757769,-73.9840441
32486,0,36,32486,40.68629387,-73.97909066
13740,0,6,13740,40.68660442,-73.99385833
36071,0,139,36071,40.69348832,-73.97916718
12015,0,131,12015,40.66050939,-73.96281299
19879,0,19,19879,40.66115466,-73.98017161
29169,0,10,29169,40.68290896,-73.95978443
12301,0,89,12301,40.69599148,-73.98321215
23397,0,17,23397,40.69588571,-73.96837553
18147,0,7,18147,40.68295737,-73.99787114
15318,0,0,15318,40.66306859,-73.98589217
12113,0,16,12113,40.66268118,-73.98509436
42842,0,13,42842,40.67920516,-73.97170947
6430,1,60,6430,40.68341814,-73.98199244
27292,0,3,27292,40.67889065,-74.00192653
34713,0,11,34713,40.68249433,-73.98785629
41128,0,8,41128,40.65564394,-73.97355494
35140,0,26,35140,40.6808798,-73.96329457
9679,0,12,9679,40.69502694,-73.99080348
31494,0,14,31494,40.68973652,-73.97610196
18510,0,11,18510,40.6921577,-73.98527941
17546,1,31,17546,40.67834383,-73.98542921
5117,0,19,5117,40.6738918,-73.99991184
15134,0,72,15134,40.66011633,-73.96061101
39615,0,19,39615,40.68466786,-73.964033
7021,0,7,7021,40.65798963,-73.99691824
5465,0,11,5465,40.69212126,-73.98434093
4883,0,20,4883,40.67904705,-73.9786767
22733,0,3,22733,40.64881204,-73.9774871
46,0,3,46,40.67799644,-74.00414564
18387,0,11,18387,40.69744627,-73.98050926
2805,0,10,2805,40.69284586,-73.993103
7299,0,9,7299,40.67910379,-73.98739288
40973,0,23,40973,40.66013749,-73.98391793
39133,0,42,39133,40.66854634,-73.99021851
240,0,14,240,40.69811581,-73.97753102
29701,0,5,29701,40.67982505,-73.99513859
29027,0,31,29027,40.64772614,-73.97633536
26738,0,17,26738,40.66039839,-73.98037233
34972,0,8,34972,40.69089726,-73.99404559
1582,0,124,1582,40.67740894,-73.98305366
34431,0,1,34431,40.67487609,-74.0008091
8572,0,83,8572,40.66326415,-73.99511351
10075,0,64,10075,40.68787174,-73.97834701
4754,0,5,4754,40.67471278,-73.96899919
33939,0,2,33939,40.65141334,-73.97213357
31812,0,80,31812,40.67641404,-74.00102823
9842,0,25,9842,40.69317202,-73.97085934
42032,0,38,42032,40.6791482,-74.0036447
12354,0,13,12354,40.6879584,-73.99150877
21517,0,47,21517,40.68798369,-73.9677875
29459,0,16,29459,40.6737011,-74.00443205
24838,0,5,24838,40.67259372,-73.97041289
42403,0,7,42403,40.67529912,-74.00992116
10783,0,12,10783,40.67219331,-73.98378623
12519,1,30,12519,40.66214322,-73.99628042
18545,0,19,18545,40.68708638,-73.97558996
16823,0,43,16823,40.68973102,-73.99017139
32106,0,63,32106,40.69592441,-73.96936774
13967,0,3,13967,40.66220183,-73.97885476
14374,0,12,14374,40.64846971,-73.97836791
31658,1,198,31658,40.68993169,-73.9814817
35790,0,20,35790,40.68756439,-73.98439927
40434,0,16,40434,40.69208694,-73.98340278
3440,0,8,3440,40.67783553,-74.00616338
16972,0,2,16972,40.66233915,-73.98756809
2333,0,28,2333,40.66269707,-73.99569999
2767,0,79,2767,40.66451719,-73.9970746
25696,0,39,25696,40.67766462,-73.96885941
39665,0,6,39665,40.69601974,-73.98413302
31557,1,17,31557,40.67266882,-73.99001384
24129,0,17,24129,40.6703852,-73.98529421
25370,0,3,25370,40.67383739,-74.00229348
18535,0,17,18535,40.67546324,-73.97161844
28205,0,3,28205,40.67200501,-73.99387828
43009,0,6,43009,40.65350176,-73.97622757
932,0,13,932,40.64762734,-73.97726311
7242,0,33,7242,40.6508189,-73.97273109
18987,0,0,18987,40.6679725,-73.99585129
26283,0,4,26283,40.67149308,-73.99636312
40168,0,17,40168,40.68691864,-73.97736135
39275,0,4,39275,40.68009312,-73.99220033
36647,0,8,36647,40.65005141,-73.9719089
39128,0,19,39128,40.67694636,-73.99187163
1119,0,7,1119,40.69153504,-73.9937366
13878,1,40,13878,40.65991275,-73.99859953
32459,0,32,32459,40.69156356,-73.96952115
16156,0,10,16156,40.66997337,-73.97569674
5220,0,12,5220,40.68502433,-73.98611912
15554,0,57,15554,40.67517479,-73.98469664
12818,0,3,12818,40.65474717,-73.97803906
23529,0,9,23529,40.68226973,-73.97395602
11222,0,17,11222,40.66502846,-73.98644929
42935,0,16,42935,40.66134895,-73.99342089
32630,0,8,32630,40.67178358,-73.97418787
12322,0,8,12322,40.68519271,-73.97702749
22965,0,9,22965,40.6814347,-73.96142366
30608,0,0,30608,40.67591088,-73.98623027
13498,0,5,13498,40.68458945,-73.98912841
1155,0,22,1155,40.67704893,-73.98003168
20903,0,6,20903,40.69507577,-73.99009115
17848,0,7,17848,40.67370451,-73.9714392
23162,0,8,23162,40.68037003,-73.99477163
24727,0,1,24727,40.65862948,-74.00704196
13637,0,137,13637,40.67279516,-73.96920281
4038,0,2,4038,40.68401971,-73.99623172
24224,1,58,24224,40.67973482,-73.97431048
16362,0,9,16362,40.65979449,-73.98087475
34244,0,18,34244,40.67743866,-73.99647229
22039,0,15,22039,40.66388588,-73.9840888
22159,0,8,22159,40.68759188,-73.96462664
20966,0,18,20966,40.68285595,-73.97278782
23285,0,4,23285,40.67937749,-73.99268321
22815,0,6,22815,40.67728662,-73.96254635
38927,0,25,38927,40.69630253,-73.9754428
24361,0,3,24361,40.66279901,-73.97834945
2296,0,2,2296,40.64883897,-73.97519455
11350,0,8,11350,40.65574572,-73.99925657
18900,0,6,18900,40.65959834,-73.98448024
23187,0,26,23187,40.67881812,-73.96534103
14,0,11,14,40.67326335,-74.00028206
21546,0,18,21546,40.68799184,-73.98961242
19140,0,9,19140,40.65582708,-73.9812223
19422,0,74,19422,40.68201041,-73.9686932
14669,0,28,14669,40.68662703,-73.96652924
37188,0,59,37188,40.68640286,-73.96849138
2262,0,2,2262,40.68012116,-74.00133981
13671,0,17,13671,40.66001075,-74.00175068
5873,0,49,5873,40.69361433,-73.98251123
36075,0,19,36075,40.67346054,-73.97941513
20287,0,4,20287,40.68331884,-73.98999199
12364,0,17,12364,40.69034545,-73.99205271
18782,0,21,18782,40.66937214,-73.97620076
15964,0,18,15964,40.6770784,-73.98630927
2056,0,17,2056,40.68161594,-73.97082603
28523,0,63,28523,40.66111974,-74.00060109
42769,0,24,42769,40.66959244,-73.99589567
25668,0,17,25668,40.67168222,-73.99851625
20153,0,5,20153,40.65518616,-73.99983787
15666,0,75,15666,40.69325323,-73.97309569
25199,0,43,25199,40.65823107,-74.00034444
11633,0,29,11633,40.661734,-73.9607697
10111,0,15,10111,40.66696331,-73.97821264
43447,0,15,43447,40.6850016,-73.96115479
9604,0,51,9604,40.68018937,-73.96795385
30569,0,2,30569,40.67933278,-73.97532193