"","O","D","Diff"
"1",1,69,-38
"2",1,70,-22
"3",1,79,-20
"4",1,205,-45
"5",1,206,-51
"6",1,207,-30
"7",1,208,-41
"8",1,217,-23
"9",1,218,-21
"10",1,220,-30
"11",1,231,-34
"12",1,232,-30
"13",1,246,-93
"14",1,258,-39
"15",2,69,-39
"16",2,70,-21
"17",2,205,-34
"18",2,206,-36
"19",2,207,-33
"20",2,208,-43
"21",2,217,-22
"22",2,220,-28
"23",2,231,-36
"24",2,232,-21
"25",2,246,-74
"26",2,247,-46
"27",2,258,-27
"28",3,13,-30
"29",3,143,-32
"30",3,205,-21
"31",3,206,-30
"32",3,208,-20
"33",3,246,-33
"34",3,261,-194
"35",4,13,-20
"36",4,143,-23
"37",4,246,-29
"38",4,261,-120
"39",5,69,-71
"40",5,70,-41
"41",5,71,-48
"42",5,72,-34
"43",5,78,-21
"44",5,79,-25
"45",5,143,-20
"46",5,209,-26
"47",5,210,-65
"48",5,232,-20
"49",5,261,-61
"50",6,69,-192
"51",6,70,-301
"52",6,71,-73
"53",6,72,-44
"54",6,73,-148
"55",6,79,-24
"56",8,152,-49
"57",8,155,-140
"58",8,156,-30
"59",8,158,-64
"60",8,251,-23
"61",9,13,-21
"62",9,152,-50
"63",9,155,-29
"64",9,156,-37
"65",9,158,-52
"66",9,251,-26
"67",9,253,-23
"68",9,271,-20
"69",9,279,-20
"70",10,152,-42
"71",10,251,-20
"72",11,13,-112
"73",11,43,-36
"74",11,69,-173
"75",11,70,-40
"76",11,71,-216
"77",11,72,-28
"78",11,79,-33
"79",11,87,-20
"80",11,91,-26
"81",11,112,-39
"82",11,113,-33
"83",11,152,-31
"84",11,155,-33
"85",11,158,-38
"86",11,162,-23
"87",11,165,-21
"88",11,172,-28
"89",11,173,-22
"90",11,177,-26
"91",11,203,-21
"92",11,205,-30
"93",11,206,-41
"94",11,207,-48
"95",11,208,-68
"96",11,209,-25
"97",11,215,-28.989998
"98",11,217,-39
"99",11,218,-28
"100",11,219,-28
"101",11,220,-37
"102",11,231,-43
"103",11,232,-44
"104",11,238,-44
"105",11,239,-31
"106",11,242,-26
"107",11,246,-55
"108",11,258,-55
"109",11,259,-33
"110",11,261,-54
"111",11,264,-46
"112",11,265,-32
"113",11,266,-28
"114",11,268,-25
"115",11,272,-40
"116",11,273,-52
"117",11,275,-28
"118",11,279,-59
"119",11,280,-36
"120",11,284,-35
"121",11,285,-36
"122",11,286,-22
"123",11,287,-42
"124",11,288,-34
"125",11,300,-25
"126",11,318,-24.200001
"127",11,352,-20
"128",11,365,-24
"129",11,366,-21
"130",11,367,-50
"131",11,398,-21
"132",11,420,-23
"133",12,13,-58
"134",12,69,-28
"135",12,71,-63
"136",12,152,-24
"137",12,155,-22
"138",12,158,-30
"139",12,208,-23
"140",12,238,-32
"141",12,246,-24
"142",12,258,-24
"143",12,264,-22
"144",12,272,-26
"145",12,273,-32
"146",12,279,-46
"147",12,280,-24
"148",12,284,-22
"149",12,285,-24
"150",12,287,-21
"151",12,367,-25
"152",13,3,-30
"153",13,4,-20
"154",13,9,-21
"155",13,11,-112
"156",13,12,-58
"157",13,14,-62
"158",13,15,-66
"159",13,16,-25
"160",13,19,-43
"161",13,20,-23
"162",13,21,-58
"163",13,22,-38
"164",13,23,-57
"165",13,25,-51
"166",13,26,-25
"167",13,28,-25
"168",13,29,-42
"169",13,30,-23
"170",13,31,-33
"171",13,32,-21
"172",13,33,-26
"173",13,34,-63
"174",13,35,-29
"175",13,37,-82
"176",13,38,-30
"177",13,39,-52
"178",13,40,-30
"179",13,41,-36
"180",13,42,-31
"181",13,44,-24
"182",13,45,-44
"183",13,46,-21
"184",13,47,-33
"185",13,50,-29
"186",13,57,-21
"187",13,91,-23
"188",13,143,-20
"189",13,257,-21
"190",13,260,-34
"191",13,261,-75
"192",13,265,-20
"193",13,271,-21
"194",14,13,-62
"195",14,45,-21
"196",14,69,-26
"197",14,71,-22
"198",14,261,-116
"199",15,13,-66
"200",15,45,-30
"201",15,261,-80
"202",16,13,-25
"203",16,69,-51
"204",16,70,-30
"205",16,72,-27
"206",16,206,-21
"207",16,207,-23
"208",16,208,-31
"209",16,210,-44
"210",16,220,-28
"211",16,225,-23
"212",16,231,-36
"213",16,246,-73
"214",16,258,-23
"215",17,246,-25
"216",18,69,-296
"217",18,70,-45
"218",18,71,-231
"219",18,72,-43
"220",18,78,-21
"221",18,79,-24
"222",18,208,-24
"223",18,209,-25
"224",18,210,-64
"225",18,246,-45
"226",19,13,-43
"227",19,69,-64
"228",19,70,-69
"229",19,71,-56
"230",19,72,-64
"231",19,73,-65
"232",19,79,-73
"233",19,209,-53
"234",20,13,-23
"235",20,69,-349
"236",20,70,-64
"237",20,71,-224
"238",20,72,-62
"239",20,73,-31
"240",20,78,-45
"241",20,79,-37
"242",20,205,-24
"243",20,208,-23
"244",20,209,-45
"245",20,210,-162
"246",20,246,-31
"247",21,13,-58
"248",21,43,-25
"249",21,69,-432
"250",21,70,-116
"251",21,71,-548
"252",21,72,-116
"253",21,73,-68
"254",21,78,-93
"255",21,79,-75
"256",21,82,-27
"257",21,84,-25
"258",21,91,-24
"259",21,112,-22
"260",21,205,-46
"261",21,206,-22
"262",21,207,-33
"263",21,208,-39
"264",21,209,-102
"265",21,210,-360
"266",21,217,-22
"267",21,231,-26
"268",21,232,-32
"269",21,273,-20
"270",21,367,-26
"271",22,13,-38
"272",22,43,-24
"273",22,69,-98
"274",22,70,-91
"275",22,71,-77
"276",22,72,-81
"277",22,73,-77
"278",22,79,-85
"279",22,152,-26
"280",22,158,-32
"281",22,205,-121
"282",22,206,-96
"283",22,207,-28
"284",22,208,-44
"285",22,209,-20
"286",22,217,-24
"287",22,218,-28
"288",22,219,-56
"289",22,220,-46
"290",22,225,-467
"291",22,227,-86
"292",22,229,-227
"293",22,231,-92
"294",22,232,-35
"295",22,246,-111
"296",22,247,-56
"297",22,258,-21
"298",22,273,-22
"299",22,279,-26
"300",22,323,-196
"301",23,13,-57
"302",23,69,-73
"303",23,70,-71
"304",23,71,-63
"305",23,72,-73
"306",23,73,-73
"307",23,79,-80
"308",23,209,-85
"309",23,231,-21
"310",23,238,-22
"311",23,246,-32
"312",23,271,-27
"313",23,273,-27
"314",23,279,-30
"315",24,69,-26
"316",24,246,-45
"317",25,13,-51
"318",25,43,-30
"319",25,69,-60
"320",25,70,-40
"321",25,71,-25
"322",25,72,-25
"323",25,79,-28
"324",25,152,-30
"325",25,158,-31
"326",25,165,-20
"327",25,177,-21
"328",25,205,-26
"329",25,206,-30
"330",25,207,-35
"331",25,208,-49
"332",25,217,-29
"333",25,218,-34
"334",25,219,-34
"335",25,220,-50
"336",25,231,-61
"337",25,232,-45
"338",25,238,-24
"339",25,239,-22
"340",25,246,-107
"341",25,247,-49
"342",25,258,-23
"343",25,272,-20
"344",25,273,-27
"345",25,279,-31
"346",25,285,-21
"347",25,367,-25
"348",26,13,-25
"349",26,69,-29
"350",26,70,-21
"351",26,158,-20
"352",26,208,-20
"353",26,220,-21
"354",26,231,-25
"355",26,232,-23
"356",26,246,-41
"357",27,69,-173
"358",27,70,-57
"359",27,71,-372
"360",27,72,-38
"361",27,79,-24
"362",27,209,-21
"363",27,210,-32
"364",27,232,-21
"365",28,13,-25
"366",28,69,-38
"367",28,70,-24
"368",28,208,-21
"369",28,220,-22
"370",28,231,-28
"371",28,246,-47
"372",28,247,-26
"373",29,13,-42
"374",29,43,-21
"375",29,69,-65
"376",29,70,-43
"377",29,71,-25
"378",29,72,-30
"379",29,79,-25
"380",29,158,-22
"381",29,205,-24
"382",29,206,-21
"383",29,207,-24
"384",29,208,-32
"385",29,209,-20
"386",29,218,-23
"387",29,219,-22
"388",29,220,-33
"389",29,231,-41
"390",29,232,-25
"391",29,246,-71
"392",29,247,-38
"393",30,13,-23
"394",30,69,-20
"395",30,246,-37
"396",31,13,-33
"397",31,69,-56
"398",31,70,-46
"399",31,71,-30
"400",31,72,-31
"401",31,73,-24
"402",31,79,-34
"403",31,152,-24
"404",31,158,-27
"405",31,208,-22
"406",31,220,-23
"407",31,231,-27
"408",31,232,-26
"409",31,246,-43
"410",32,13,-21
"411",32,152,-35
"412",32,155,-93
"413",32,158,-52
"414",32,251,-21
"415",33,13,-26
"416",33,69,-37
"417",33,70,-26
"418",33,231,-23
"419",33,246,-42
"420",33,247,-22
"421",34,13,-63
"422",34,43,-47
"423",34,69,-60
"424",34,70,-37
"425",34,71,-27
"426",34,72,-27
"427",34,79,-30
"428",34,82,-32
"429",34,83,-40
"430",34,84,-32
"431",34,87,-21
"432",34,113,-33
"433",34,150,-23
"434",34,152,-106
"435",34,155,-87
"436",34,156,-64
"437",34,158,-190
"438",34,159,-29
"439",34,162,-36
"440",34,163,-21
"441",34,165,-49
"442",34,172,-41
"443",34,177,-36
"444",34,178,-25
"445",34,203,-21
"446",34,207,-24
"447",34,208,-31
"448",34,209,-23
"449",34,215,-25.830002
"450",34,218,-20
"451",34,219,-22
"452",34,220,-26
"453",34,231,-32
"454",34,232,-46
"455",34,237,-25
"456",34,238,-41
"457",34,239,-33
"458",34,247,-34
"459",34,248,-52
"460",34,249,-34
"461",34,251,-69
"462",34,252,-41
"463",34,253,-61
"464",34,254,-43
"465",34,255,-26
"466",34,256,-36
"467",34,257,-49
"468",34,258,-20
"469",34,268,-24
"470",34,269,-35
"471",34,271,-52
"472",34,272,-34
"473",34,273,-45
"474",34,275,-25
"475",34,279,-53
"476",34,280,-32
"477",34,284,-32
"478",34,285,-32
"479",34,286,-21
"480",34,287,-26
"481",34,288,-20
"482",34,300,-26
"483",34,318,-22.17
"484",34,366,-21
"485",34,367,-38
"486",34,420,-31
"487",35,13,-29
"488",35,69,-33
"489",35,248,-32
"490",35,253,-32
"491",35,271,-28
"492",35,273,-23
"493",35,279,-23
"494",37,13,-82
"495",37,43,-24
"496",37,69,-69
"497",37,70,-54
"498",37,71,-44
"499",37,72,-52
"500",37,73,-46
"501",37,79,-51
"502",37,91,-26
"503",37,152,-29
"504",37,208,-21
"505",37,209,-43
"506",37,231,-26
"507",37,261,-25
"508",37,271,-40
"509",37,279,-44
"510",37,284,-28
"511",38,13,-30
"512",38,43,-31
"513",38,69,-34
"514",38,70,-23
"515",38,152,-27
"516",38,231,-20
"517",38,246,-33
"518",38,367,-21
"519",39,13,-52
"520",39,43,-27
"521",39,69,-56
"522",39,70,-49
"523",39,71,-51
"524",39,73,-40
"525",39,79,-38
"526",39,246,-37
"527",40,13,-30
"528",40,43,-22
"529",40,69,-68
"530",40,70,-59
"531",40,71,-60
"532",40,73,-49
"533",40,79,-50
"534",40,152,-32
"535",40,231,-26
"536",40,246,-46
"537",41,13,-36
"538",41,43,-32
"539",41,69,-101
"540",41,70,-89
"541",41,71,-95
"542",41,73,-57
"543",41,79,-49
"544",41,150,-33
"545",41,152,-63
"546",41,156,-31
"547",41,158,-29
"548",41,206,-21
"549",41,207,-24
"550",41,208,-34
"551",41,218,-26
"552",41,219,-25
"553",41,220,-38
"554",41,231,-68
"555",41,232,-39
"556",41,246,-99
"557",41,247,-49
"558",41,367,-23
"559",42,13,-31
"560",42,43,-24
"561",42,69,-43
"562",42,70,-35
"563",42,71,-30
"564",42,150,-31
"565",42,152,-49
"566",42,208,-22
"567",42,220,-24
"568",42,231,-35
"569",42,232,-23
"570",42,246,-49
"571",43,11,-36
"572",43,21,-25
"573",43,22,-24
"574",43,25,-30
"575",43,29,-21
"576",43,34,-47
"577",43,37,-24
"578",43,38,-31
"579",43,39,-27
"580",43,40,-22
"581",43,41,-32
"582",43,42,-24
"583",43,44,-167
"584",43,45,-75
"585",43,46,-34
"586",43,47,-106
"587",43,48,-45
"588",43,49,-52
"589",43,50,-42
"590",43,52,-28
"591",43,53,-122
"592",43,54,-66
"593",43,57,-30
"594",43,87,-52
"595",43,88,-86
"596",43,89,-20
"597",43,90,-36
"598",43,91,-32
"599",43,92,-24
"600",43,95,-27
"601",43,261,-138
"602",44,13,-24
"603",44,43,-167
"604",44,45,-26
"605",44,47,-27
"606",44,48,-20
"607",44,50,-30
"608",44,59,-32
"609",44,60,-21
"610",44,90,-34
"611",44,91,-20
"612",45,13,-44
"613",45,14,-21
"614",45,15,-30
"615",45,43,-75
"616",45,44,-26
"617",45,47,-21
"618",45,48,-33
"619",45,50,-65
"620",45,58,-22
"621",45,59,-58
"622",45,60,-41
"623",45,61,-35
"624",45,63,-48
"625",45,65,-22
"626",45,87,-21
"627",45,90,-59
"628",45,91,-26
"629",45,110,-20
"630",45,117,-21
"631",45,151,-35
"632",45,299,-20
"633",45,367,-22
"634",46,13,-21
"635",46,43,-34
"636",46,69,-26
"637",46,91,-24
"638",47,13,-33
"639",47,43,-106
"640",47,44,-27
"641",47,45,-21
"642",47,69,-35
"643",47,71,-39
"644",47,87,-29
"645",47,152,-23
"646",47,246,-20
"647",47,367,-22
"648",48,43,-45
"649",48,44,-20
"650",48,45,-33
"651",48,87,-37
"652",48,91,-41
"653",48,261,-34
"654",49,43,-52
"655",49,87,-39
"656",49,91,-39
"657",49,261,-34
"658",50,13,-29
"659",50,43,-42
"660",50,44,-30
"661",50,45,-65
"662",50,69,-35
"663",50,70,-26
"664",50,71,-23
"665",50,87,-26
"666",50,143,-21
"667",50,152,-22
"668",50,246,-34
"669",50,261,-28
"670",52,43,-28
"671",52,69,-20
"672",52,246,-28
"673",53,43,-122
"674",53,87,-25
"675",54,43,-66
"676",54,87,-27
"677",57,13,-21
"678",57,43,-30
"679",57,87,-34
"680",57,246,-25
"681",57,261,-49
"682",58,45,-22
"683",58,87,-36
"684",58,261,-69
"685",59,44,-32
"686",59,45,-58
"687",59,87,-35
"688",59,143,-26
"689",59,261,-73
"690",60,44,-21
"691",60,45,-41
"692",60,87,-33
"693",60,143,-22
"694",60,261,-77
"695",61,45,-35
"696",61,87,-46
"697",61,261,-123
"698",63,45,-48
"699",63,87,-21
"700",63,261,-47
"701",64,261,-35
"702",65,45,-22
"703",65,87,-37
"704",65,261,-88
"705",66,143,-23
"706",66,146,-24
"707",66,150,-26
"708",66,152,-20
"709",66,261,-32
"710",68,152,-21
"711",69,1,-38
"712",69,2,-39
"713",69,5,-71
"714",69,6,-192
"715",69,11,-173
"716",69,12,-28
"717",69,14,-26
"718",69,16,-51
"719",69,18,-296
"720",69,19,-64
"721",69,20,-349
"722",69,21,-432
"723",69,22,-98
"724",69,23,-73
"725",69,24,-26
"726",69,25,-60
"727",69,26,-29
"728",69,27,-173
"729",69,28,-38
"730",69,29,-65
"731",69,30,-20
"732",69,31,-56
"733",69,33,-37
"734",69,34,-60
"735",69,35,-33
"736",69,37,-69
"737",69,38,-34
"738",69,39,-56
"739",69,40,-68
"740",69,41,-101
"741",69,42,-43
"742",69,46,-26
"743",69,47,-35
"744",69,50,-35
"745",69,52,-20
"746",69,70,-65
"747",69,71,-34
"748",69,75,-22
"749",69,77,-29
"750",69,78,-24
"751",69,79,-35
"752",69,206,-20
"753",69,257,-49
"754",70,1,-22
"755",70,2,-21
"756",70,5,-41
"757",70,6,-301
"758",70,11,-40
"759",70,16,-30
"760",70,18,-45
"761",70,19,-69
"762",70,20,-64
"763",70,21,-116
"764",70,22,-91
"765",70,23,-71
"766",70,25,-40
"767",70,26,-21
"768",70,27,-57
"769",70,28,-24
"770",70,29,-43
"771",70,31,-46
"772",70,33,-26
"773",70,34,-37
"774",70,37,-54
"775",70,38,-23
"776",70,39,-49
"777",70,40,-59
"778",70,41,-89
"779",70,42,-35
"780",70,50,-26
"781",70,69,-65
"782",70,72,-49
"783",70,75,-26
"784",70,77,-84
"785",70,203,-23
"786",70,205,-35
"787",70,206,-49
"788",70,207,-57
"789",70,209,-23
"790",71,5,-48
"791",71,6,-73
"792",71,11,-216
"793",71,12,-63
"794",71,14,-22
"795",71,18,-231
"796",71,19,-56
"797",71,20,-224
"798",71,21,-548
"799",71,22,-77
"800",71,23,-63
"801",71,25,-25
"802",71,27,-372
"803",71,29,-25
"804",71,31,-30
"805",71,34,-27
"806",71,37,-44
"807",71,39,-51
"808",71,40,-60
"809",71,41,-95
"810",71,42,-30
"811",71,47,-39
"812",71,50,-23
"813",71,69,-34
"814",71,72,-35
"815",71,77,-29
"816",71,204,-40
"817",71,206,-28
"818",71,207,-22
"819",71,215,-24.199999
"820",71,257,-52
"821",72,5,-34
"822",72,6,-44
"823",72,11,-28
"824",72,16,-27
"825",72,18,-43
"826",72,19,-64
"827",72,20,-62
"828",72,21,-116
"829",72,22,-81
"830",72,23,-73
"831",72,25,-25
"832",72,27,-38
"833",72,29,-30
"834",72,31,-31
"835",72,34,-27
"836",72,37,-52
"837",72,70,-49
"838",72,71,-35
"839",72,73,-24
"840",72,77,-24
"841",72,205,-27
"842",72,206,-163
"843",72,216,-165
"844",73,6,-148
"845",73,19,-65
"846",73,20,-31
"847",73,21,-68
"848",73,22,-77
"849",73,23,-73
"850",73,31,-24
"851",73,37,-46
"852",73,39,-40
"853",73,40,-49
"854",73,41,-57
"855",73,72,-24
"856",73,77,-43
"857",73,206,-106
"858",73,215,-22.51
"859",75,69,-22
"860",75,70,-26
"861",77,69,-29
"862",77,70,-84
"863",77,71,-29
"864",77,72,-24
"865",77,73,-43
"866",77,201,-20.77
"867",77,215,-32.389999
"868",77,318,-20.139999
"869",77,708,-21.290001
"870",77,985,-26.220001
"871",78,5,-21
"872",78,18,-21
"873",78,20,-45
"874",78,21,-93
"875",78,69,-24
"876",78,201,-22.08
"877",78,206,-21
"878",78,215,-28.620003
"879",78,261,-24
"880",79,1,-20
"881",79,5,-25
"882",79,6,-24
"883",79,11,-33
"884",79,18,-24
"885",79,19,-73
"886",79,20,-37
"887",79,21,-75
"888",79,22,-85
"889",79,23,-80
"890",79,25,-28
"891",79,27,-24
"892",79,29,-25
"893",79,31,-34
"894",79,34,-30
"895",79,37,-51
"896",79,39,-38
"897",79,40,-50
"898",79,41,-49
"899",79,69,-35
"900",79,201,-33.129997
"901",79,203,-186
"902",79,206,-30
"903",79,209,-50
"904",79,210,-47
"905",79,211,-35
"906",79,215,-40.279999
"907",79,261,-33
"908",82,21,-27
"909",82,34,-32
"910",82,261,-126
"911",83,34,-40
"912",83,260,-20
"913",83,261,-181
"914",84,21,-25
"915",84,34,-32
"916",84,206,-21
"917",84,216,-41
"918",84,218,-87
"919",84,220,-115
"920",84,232,-24
"921",84,248,-21
"922",84,261,-71
"923",86,206,-21
"924",86,216,-26
"925",86,217,-37
"926",86,218,-98
"927",86,220,-160
"928",86,222,-107
"929",87,11,-20
"930",87,34,-21
"931",87,43,-52
"932",87,45,-21
"933",87,47,-29
"934",87,48,-37
"935",87,49,-39
"936",87,50,-26
"937",87,53,-25
"938",87,54,-27
"939",87,57,-34
"940",87,58,-36
"941",87,59,-35
"942",87,60,-33
"943",87,61,-46
"944",87,63,-21
"945",87,65,-37
"946",87,88,-637
"947",87,90,-134
"948",87,91,-91
"949",87,92,-94
"950",87,94,-39
"951",87,95,-44
"952",87,99,-23
"953",87,105,-27
"954",87,106,-42
"955",87,110,-31
"956",87,117,-21
"957",87,261,-56
"958",87,268,-31
"959",87,291,-63
"960",87,292,-31
"961",87,293,-20
"962",87,294,-30
"963",87,295,-38
"964",87,296,-28
"965",87,299,-23
"966",87,367,-21
"967",88,43,-86
"968",88,87,-637
"969",88,91,-232
"970",88,120,-39
"971",88,132,-21
"972",88,151,-24
"973",88,171,-21
"974",88,232,-20
"975",88,268,-177
"976",88,273,-39
"977",88,287,-22
"978",88,367,-46
"979",88,420,-25
"980",89,43,-20
"981",89,156,-26
"982",89,367,-21
"983",90,43,-36
"984",90,44,-34
"985",90,45,-59
"986",90,87,-134
"987",90,260,-22
"988",90,261,-222
"989",91,11,-26
"990",91,13,-23
"991",91,21,-24
"992",91,37,-26
"993",91,43,-32
"994",91,44,-20
"995",91,45,-26
"996",91,46,-24
"997",91,48,-41
"998",91,49,-39
"999",91,87,-91
"1000",91,88,-232
"1001",91,112,-25
"1002",91,128,-20
"1003",91,130,-20
"1004",91,136,-24
"1005",91,151,-22
"1006",91,179,-26
"1007",91,261,-69
"1008",91,268,-51
"1009",91,367,-28
"1010",92,43,-24
"1011",92,87,-94
"1012",92,261,-24
"1013",92,268,-69
"1014",92,273,-21
"1015",92,367,-29
"1016",94,87,-39
"1017",94,159,-37
"1018",94,173,-21
"1019",94,268,-47
"1020",94,420,-26
"1021",95,43,-27
"1022",95,87,-44
"1023",95,159,-45
"1024",95,173,-43
"1025",95,195,-34
"1026",95,199,-25
"1027",95,268,-46
"1028",95,287,-25
"1029",95,365,-24
"1030",95,420,-39
"1031",96,191,-22
"1032",96,268,-20
"1033",96,367,-29
"1034",96,420,-22
"1035",97,367,-23
"1036",99,87,-23
"1037",99,261,-27
"1038",101,268,-43
"1039",102,105,-23
"1040",102,106,-24
"1041",102,273,-26
"1042",103,104,-226
"1043",103,105,-50
"1044",103,106,-46
"1045",103,107,-29
"1046",103,108,-31
"1047",103,110,-21
"1048",103,248,-33
"1049",103,249,-20
"1050",103,251,-30
"1051",103,253,-26
"1052",103,272,-21
"1053",103,273,-41
"1054",103,274,-26
"1055",103,279,-23
"1056",103,282,-30
"1057",103,284,-33
"1058",104,103,-226
"1059",104,261,-47
"1060",104,273,-26
"1061",104,274,-37
"1062",104,276,-22
"1063",104,278,-22
"1064",104,282,-120
"1065",104,364,-60
"1066",105,87,-27
"1067",105,102,-23
"1068",105,103,-50
"1069",105,261,-38
"1070",105,268,-31
"1071",105,273,-47
"1072",105,274,-25
"1073",105,282,-32
"1074",105,364,-34
"1075",105,366,-23
"1076",105,367,-36
"1077",106,87,-42
"1078",106,102,-24
"1079",106,103,-46
"1080",106,261,-65
"1081",106,268,-37
"1082",106,273,-36
"1083",106,282,-27
"1084",106,364,-51
"1085",106,367,-20
"1086",107,103,-29
"1087",107,282,-27
"1088",107,364,-98
"1089",107,366,-33
"1090",107,367,-22
"1091",108,103,-31
"1092",108,261,-27
"1093",108,273,-27
"1094",108,364,-104
"1095",108,366,-42
"1096",108,367,-39
"1097",108,368,-23
"1098",109,364,-153
"1099",109,366,-27
"1100",109,367,-36
"1101",110,45,-20
"1102",110,87,-31
"1103",110,103,-21
"1104",110,261,-58
"1105",110,265,-22
"1106",110,273,-27
"1107",111,364,-141
"1108",112,11,-39
"1109",112,21,-22
"1110",112,91,-25
"1111",112,261,-51
"1112",112,265,-23
"1113",112,273,-22
"1114",113,11,-33
"1115",113,34,-33
"1116",113,261,-44
"1117",115,127,-46
"1118",115,152,-33
"1119",116,261,-46
"1120",117,45,-21
"1121",117,87,-21
"1122",117,261,-37
"1123",120,88,-39
"1124",120,261,-33
"1125",121,150,-26
"1126",123,261,-29
"1127",124,261,-21
"1128",127,115,-46
"1129",128,91,-20
"1130",130,91,-20
"1131",130,261,-37
"1132",132,88,-21
"1133",135,261,-28
"1134",136,91,-24
"1135",136,261,-25
"1136",137,261,-21
"1137",139,261,-30
"1138",140,261,-21
"1139",141,261,-23
"1140",142,151,-35
"1141",142,152,-25
"1142",142,154,-32
"1143",142,155,-40
"1144",143,3,-32
"1145",143,4,-23
"1146",143,5,-20
"1147",143,13,-20
"1148",143,50,-21
"1149",143,59,-26
"1150",143,60,-22
"1151",143,66,-23
"1152",143,149,-32
"1153",143,150,-24
"1154",143,151,-149
"1155",143,152,-105
"1156",143,153,-35
"1157",143,154,-88
"1158",143,155,-119
"1159",143,156,-98
"1160",143,158,-64
"1161",143,174,-23
"1162",143,175,-32
"1163",143,251,-25
"1164",144,151,-46
"1165",144,153,-26
"1166",144,154,-60
"1167",144,155,-93
"1168",145,149,-38
"1169",145,151,-31
"1170",145,152,-30
"1171",145,153,-30
"1172",145,154,-110
"1173",145,155,-163
"1174",146,66,-24
"1175",146,150,-36
"1176",146,151,-160
"1177",146,152,-76
"1178",146,153,-56
"1179",146,154,-123
"1180",146,155,-66
"1181",146,156,-48
"1182",146,158,-59
"1183",147,151,-45
"1184",147,153,-26
"1185",147,154,-42
"1186",147,155,-35
"1187",148,152,-23
"1188",149,143,-32
"1189",149,145,-38
"1190",150,34,-23
"1191",150,41,-33
"1192",150,42,-31
"1193",150,66,-26
"1194",150,121,-26
"1195",150,143,-24
"1196",150,146,-36
"1197",150,151,-84
"1198",150,152,-28
"1199",150,153,-36
"1200",150,154,-91
"1201",150,155,-67
"1202",150,156,-23
"1203",150,158,-33
"1204",150,159,-22
"1205",150,162,-24
"1206",151,45,-35
"1207",151,88,-24
"1208",151,91,-22
"1209",151,142,-35
"1210",151,143,-149
"1211",151,144,-46
"1212",151,145,-31
"1213",151,146,-160
"1214",151,147,-45
"1215",151,150,-84
"1216",151,152,-22
"1217",151,261,-46
"1218",152,8,-49
"1219",152,9,-50
"1220",152,10,-42
"1221",152,11,-31
"1222",152,12,-24
"1223",152,22,-26
"1224",152,25,-30
"1225",152,31,-24
"1226",152,32,-35
"1227",152,34,-106
"1228",152,37,-29
"1229",152,38,-27
"1230",152,40,-32
"1231",152,41,-63
"1232",152,42,-49
"1233",152,47,-23
"1234",152,50,-22
"1235",152,66,-20
"1236",152,68,-21
"1237",152,115,-33
"1238",152,142,-25
"1239",152,143,-105
"1240",152,145,-30
"1241",152,146,-76
"1242",152,148,-23
"1243",152,150,-28
"1244",152,151,-22
"1245",152,156,-27
"1246",152,157,-31
"1247",152,260,-32
"1248",152,261,-33
"1249",153,143,-35
"1250",153,144,-26
"1251",153,145,-30
"1252",153,146,-56
"1253",153,147,-26
"1254",153,150,-36
"1255",154,142,-32
"1256",154,143,-88
"1257",154,144,-60
"1258",154,145,-110
"1259",154,146,-123
"1260",154,147,-42
"1261",154,150,-91
"1262",154,261,-32
"1263",155,8,-140
"1264",155,9,-29
"1265",155,11,-33
"1266",155,12,-22
"1267",155,32,-93
"1268",155,34,-87
"1269",155,142,-40
"1270",155,143,-119
"1271",155,144,-93
"1272",155,145,-163
"1273",155,146,-66
"1274",155,147,-35
"1275",155,150,-67
"1276",155,260,-20
"1277",155,261,-40
"1278",156,8,-30
"1279",156,9,-37
"1280",156,34,-64
"1281",156,41,-31
"1282",156,89,-26
"1283",156,143,-98
"1284",156,146,-48
"1285",156,150,-23
"1286",156,152,-27
"1287",156,260,-62
"1288",157,152,-31
"1289",158,8,-64
"1290",158,9,-52
"1291",158,11,-38
"1292",158,12,-30
"1293",158,22,-32
"1294",158,25,-31
"1295",158,26,-20
"1296",158,29,-22
"1297",158,31,-27
"1298",158,32,-52
"1299",158,34,-190
"1300",158,41,-29
"1301",158,143,-64
"1302",158,146,-59
"1303",158,150,-33
"1304",158,260,-45
"1305",158,261,-369
"1306",159,34,-29
"1307",159,94,-37
"1308",159,95,-45
"1309",159,150,-22
"1310",159,261,-22
"1311",162,11,-23
"1312",162,34,-36
"1313",162,150,-24
"1314",162,261,-27
"1315",163,34,-21
"1316",165,11,-21
"1317",165,25,-20
"1318",165,34,-49
"1319",165,261,-21
"1320",167,261,-26
"1321",171,88,-21
"1322",171,261,-38
"1323",172,11,-28
"1324",172,34,-41
"1325",172,261,-30
"1326",172,424,-24.460001
"1327",172,425,-87
"1328",173,11,-22
"1329",173,94,-21
"1330",173,95,-43
"1331",173,261,-30
"1332",174,143,-23
"1333",174,261,-32
"1334",174,420,-46
"1335",175,143,-32
"1336",175,260,-23
"1337",175,261,-29
"1338",175,420,-22
"1339",175,425,-28
"1340",176,261,-35
"1341",176,425,-112
"1342",177,11,-26
"1343",177,25,-21
"1344",177,34,-36
"1345",177,261,-34
"1346",177,424,-35.549999
"1347",177,425,-26
"1348",177,430,-23.639999
"1349",178,34,-25
"1350",178,261,-26
"1351",178,424,-20.139999
"1352",179,91,-26
"1353",179,261,-44
"1354",180,261,-23
"1355",182,261,-30
"1356",183,261,-30
"1357",184,261,-29
"1358",185,261,-25
"1359",186,261,-25
"1360",188,261,-23
"1361",189,261,-31
"1362",190,195,-22
"1363",190,261,-27
"1364",191,96,-22
"1365",191,261,-23
"1366",192,195,-36
"1367",192,261,-23
"1368",193,261,-25
"1369",195,95,-34
"1370",195,190,-22
"1371",195,192,-36
"1372",195,261,-21
"1373",196,198,-72
"1374",197,261,-25
"1375",197,420,-73
"1376",198,196,-72
"1377",198,261,-24
"1378",198,420,-29
"1379",199,95,-25
"1380",199,261,-22
"1381",199,420,-136
"1382",199,422,-141
"1383",201,77,-21.9
"1384",201,78,-23.610001
"1385",201,79,-35
"1386",201,202,-379.200012
"1387",201,203,-71.139999
"1388",201,209,-27.389999
"1389",201,210,-27.610001
"1390",201,215,-25.349998
"1391",202,201,-362.170013
"1392",202,213,-36.48
"1393",202,214,-36.970001
"1394",202,215,-76.650002
"1395",202,316,-25.34
"1396",202,318,-28.66
"1397",203,11,-21
"1398",203,34,-21
"1399",203,70,-23
"1400",203,79,-186
"1401",203,201,-69.540001
"1402",203,206,-26
"1403",203,209,-77
"1404",203,213,-24.42
"1405",203,214,-22.43
"1406",203,215,-42.009998
"1407",203,261,-32
"1408",204,71,-40
"1409",204,206,-433
"1410",204,207,-57.629999
"1411",204,215,-25.279999
"1412",205,1,-45
"1413",205,2,-34
"1414",205,3,-21
"1415",205,11,-30
"1416",205,20,-24
"1417",205,21,-46
"1418",205,22,-121
"1419",205,25,-26
"1420",205,29,-24
"1421",205,70,-35
"1422",205,72,-27
"1423",205,206,-265
"1424",205,207,-140
"1425",206,1,-51
"1426",206,2,-36
"1427",206,3,-30
"1428",206,11,-41
"1429",206,16,-21
"1430",206,21,-22
"1431",206,22,-96
"1432",206,25,-30
"1433",206,29,-21
"1434",206,41,-21
"1435",206,69,-20
"1436",206,70,-49
"1437",206,71,-28
"1438",206,72,-163
"1439",206,73,-106
"1440",206,78,-21
"1441",206,79,-30
"1442",206,84,-21
"1443",206,86,-21
"1444",206,203,-26
"1445",206,204,-433
"1446",206,205,-265
"1447",206,207,-364
"1448",206,208,-323
"1449",206,215,-37.429996
"1450",206,216,-28
"1451",206,217,-75
"1452",206,218,-75
"1453",206,220,-45
"1454",206,318,-26.98
"1455",207,1,-30
"1456",207,2,-33
"1457",207,11,-48
"1458",207,16,-23
"1459",207,21,-33
"1460",207,22,-28
"1461",207,25,-35
"1462",207,29,-24
"1463",207,34,-24
"1464",207,41,-24
"1465",207,70,-57
"1466",207,71,-22
"1467",207,204,-58.76
"1468",207,205,-140
"1469",207,206,-364
"1470",207,208,-142
"1471",207,210,-35.399998
"1472",207,211,-168.34
"1473",207,212,-80.459999
"1474",207,216,-36
"1475",207,217,-27
"1476",207,218,-31
"1477",207,221,-27
"1478",208,1,-41
"1479",208,2,-43
"1480",208,3,-20
"1481",208,11,-68
"1482",208,12,-23
"1483",208,16,-31
"1484",208,18,-24
"1485",208,20,-23
"1486",208,21,-39
"1487",208,22,-44
"1488",208,25,-49
"1489",208,26,-20
"1490",208,28,-21
"1491",208,29,-32
"1492",208,31,-22
"1493",208,34,-31
"1494",208,37,-21
"1495",208,41,-34
"1496",208,42,-22
"1497",208,206,-323
"1498",208,207,-142
"1499",209,5,-26
"1500",209,11,-25
"1501",209,18,-25
"1502",209,19,-53
"1503",209,20,-45
"1504",209,21,-102
"1505",209,22,-20
"1506",209,23,-85
"1507",209,27,-21
"1508",209,29,-20
"1509",209,34,-23
"1510",209,37,-43
"1511",209,70,-23
"1512",209,79,-50
"1513",209,201,-26.259998
"1514",209,203,-77
"1515",209,210,-22
"1516",209,213,-20.860001
"1517",209,215,-39.079998
"1518",209,261,-25
"1519",210,5,-65
"1520",210,16,-44
"1521",210,18,-64
"1522",210,20,-162
"1523",210,21,-360
"1524",210,27,-32
"1525",210,79,-47
"1526",210,201,-26.76
"1527",210,207,-35.369999
"1528",210,209,-22
"1529",210,213,-42.100002
"1530",210,214,-48.209999
"1531",210,215,-87.600006
"1532",211,79,-35
"1533",211,207,-167.860001
"1534",211,213,-31.08
"1535",211,214,-155.379997
"1536",211,215,-79.950005
"1537",212,207,-80.280001
"1538",212,213,-23.990002
"1539",212,214,-38.939999
"1540",212,215,-82.43
"1541",212,318,-21.030001
"1542",213,79,-21.02
"1543",213,202,-38.5
"1544",213,203,-24.940001
"1545",213,209,-22.040001
"1546",213,210,-44.010002
"1547",213,211,-32.779999
"1548",213,212,-24.629999
"1549",213,214,-51.66
"1550",213,215,-70.389999
"1551",213,223,-21.83
"1552",213,303,-199.639999
"1553",213,307,-25.9
"1554",213,308,-20.42
"1555",213,321,-22.809999
"1556",214,202,-38.91
"1557",214,203,-22.459999
"1558",214,210,-49.640003
"1559",214,211,-156.630001
"1560",214,212,-39.330002
"1561",214,213,-50.57
"1562",214,215,-181.449997
"1563",214,223,-28.360001
"1564",214,303,-20.759998
"1565",214,318,-21.09
"1566",214,321,-32.049999
"1567",215,11,-33.410004
"1568",215,25,-22.059999
"1569",215,34,-29.68
"1570",215,70,-22.690001
"1571",215,71,-25.739998
"1572",215,73,-24.439999
"1573",215,77,-34.09
"1574",215,78,-30.34
"1575",215,79,-42.350002
"1576",215,143,-20.01
"1577",215,201,-25.380001
"1578",215,202,-81.299995
"1579",215,203,-42.650002
"1580",215,204,-27.130001
"1581",215,206,-42.279999
"1582",215,209,-40.800003
"1583",215,210,-91.050003
"1584",215,211,-83.690002
"1585",215,212,-84.430008
"1586",215,213,-69.900002
"1587",215,214,-183.07
"1588",215,216,-20.5
"1589",215,223,-96.450005
"1590",215,224,-48.529999
"1591",215,228,-40.340004
"1592",215,229,-38.830002
"1593",215,230,-35.239998
"1594",215,232,-27.230001
"1595",215,236,-21.549999
"1596",215,261,-40.489998
"1597",215,302,-20.15
"1598",215,303,-51.66
"1599",215,304,-35.509998
"1600",215,305,-26.130001
"1601",215,306,-39.549999
"1602",215,307,-61.660004
"1603",215,308,-48.310001
"1604",215,309,-30.679998
"1605",215,310,-26.130001
"1606",215,311,-46.980003
"1607",215,312,-47.759998
"1608",215,313,-37.439999
"1609",215,314,-30.030001
"1610",215,315,-30.450001
"1611",215,316,-102.110001
"1612",215,317,-52.619999
"1613",215,318,-102.110001
"1614",215,319,-46.59
"1615",215,320,-53.349998
"1616",215,321,-85.699997
"1617",215,323,-28.650002
"1618",215,324,-27.700001
"1619",215,325,-27.959999
"1620",215,327,-25.419998
"1621",215,442,-26.379999
"1622",215,443,-46.279999
"1623",215,444,-21.110001
"1624",215,449,-32.259998
"1625",215,450,-28
"1626",215,467,-27.110001
"1627",215,472,-22.26
"1628",216,72,-165
"1629",216,84,-41
"1630",216,86,-26
"1631",216,206,-28
"1632",216,207,-36
"1633",216,243,-23
"1634",217,1,-23
"1635",217,2,-22
"1636",217,11,-39
"1637",217,21,-22
"1638",217,22,-24
"1639",217,25,-29
"1640",217,86,-37
"1641",217,206,-75
"1642",217,207,-27
"1643",218,1,-21
"1644",218,11,-28
"1645",218,22,-28
"1646",218,25,-34
"1647",218,29,-23
"1648",218,34,-20
"1649",218,41,-26
"1650",218,84,-87
"1651",218,86,-98
"1652",218,206,-75
"1653",218,207,-31
"1654",219,11,-28
"1655",219,22,-56
"1656",219,25,-34
"1657",219,29,-22
"1658",219,34,-22
"1659",219,41,-25
"1660",219,237,-26
"1661",219,243,-21
"1662",219,247,-22
"1663",220,1,-30
"1664",220,2,-28
"1665",220,11,-37
"1666",220,16,-28
"1667",220,22,-46
"1668",220,25,-50
"1669",220,26,-21
"1670",220,28,-22
"1671",220,29,-33
"1672",220,31,-23
"1673",220,34,-26
"1674",220,41,-38
"1675",220,42,-24
"1676",220,84,-115
"1677",220,86,-160
"1678",220,206,-45
"1679",220,257,-23
"1680",221,207,-27
"1681",222,86,-107
"1682",223,213,-21.48
"1683",223,214,-28.309999
"1684",223,215,-94.93
"1685",223,316,-27.549999
"1686",223,318,-49.940002
"1687",224,215,-47.290001
"1688",224,318,-29.4
"1689",225,16,-23
"1690",225,22,-467
"1691",227,22,-86
"1692",228,215,-39.68
"1693",228,318,-22.190001
"1694",229,22,-227
"1695",229,215,-36.900002
"1696",229,318,-27.529999
"1697",230,215,-32.43
"1698",230,318,-25.99
"1699",231,1,-34
"1700",231,2,-36
"1701",231,11,-43
"1702",231,16,-36
"1703",231,21,-26
"1704",231,22,-92
"1705",231,23,-21
"1706",231,25,-61
"1707",231,26,-25
"1708",231,28,-28
"1709",231,29,-41
"1710",231,31,-27
"1711",231,33,-23
"1712",231,34,-32
"1713",231,37,-26
"1714",231,38,-20
"1715",231,40,-26
"1716",231,41,-68
"1717",231,42,-35
"1718",231,237,-30
"1719",231,243,-45
"1720",231,244,-22
"1721",231,246,-45
"1722",231,247,-58
"1723",231,257,-47
"1724",232,1,-30
"1725",232,2,-21
"1726",232,5,-20
"1727",232,11,-44
"1728",232,21,-32
"1729",232,22,-35
"1730",232,25,-45
"1731",232,26,-23
"1732",232,27,-21
"1733",232,29,-25
"1734",232,31,-26
"1735",232,34,-46
"1736",232,41,-39
"1737",232,42,-23
"1738",232,84,-24
"1739",232,88,-20
"1740",232,215,-25.459999
"1741",232,237,-33
"1742",232,242,-21
"1743",232,243,-126
"1744",232,244,-44
"1745",232,245,-31
"1746",232,246,-141
"1747",232,247,-166
"1748",232,250,-27
"1749",232,253,-22
"1750",232,257,-38
"1751",232,259,-30
"1752",232,261,-55
"1753",232,263,-63
"1754",232,265,-56
"1755",233,239,-34
"1756",234,239,-23
"1757",236,215,-20.190001
"1758",237,34,-25
"1759",237,219,-26
"1760",237,231,-30
"1761",237,232,-33
"1762",238,11,-44
"1763",238,12,-32
"1764",238,23,-22
"1765",238,25,-24
"1766",238,34,-41
"1767",238,240,-57
"1768",238,261,-82
"1769",239,11,-31
"1770",239,25,-22
"1771",239,34,-33
"1772",239,233,-34
"1773",239,234,-23
"1774",239,240,-42
"1775",239,241,-31
"1776",239,261,-48
"1777",240,238,-57
"1778",240,239,-42
"1779",240,256,-29
"1780",241,239,-31
"1781",241,256,-31
"1782",242,11,-26
"1783",242,232,-21
"1784",242,248,-77
"1785",242,251,-23
"1786",242,261,-96
"1787",243,216,-23
"1788",243,219,-21
"1789",243,231,-45
"1790",243,232,-126
"1791",243,261,-471
"1792",244,231,-22
"1793",244,232,-44
"1794",245,232,-31
"1795",245,261,-174
"1796",246,1,-93
"1797",246,2,-74
"1798",246,3,-33
"1799",246,4,-29
"1800",246,11,-55
"1801",246,12,-24
"1802",246,16,-73
"1803",246,17,-25
"1804",246,18,-45
"1805",246,20,-31
"1806",246,22,-111
"1807",246,23,-32
"1808",246,24,-45
"1809",246,25,-107
"1810",246,26,-41
"1811",246,28,-47
"1812",246,29,-71
"1813",246,30,-37
"1814",246,31,-43
"1815",246,33,-42
"1816",246,38,-33
"1817",246,39,-37
"1818",246,40,-46
"1819",246,41,-99
"1820",246,42,-49
"1821",246,47,-20
"1822",246,50,-34
"1823",246,52,-28
"1824",246,57,-25
"1825",246,231,-45
"1826",246,232,-141
"1827",246,261,-100
"1828",247,2,-46
"1829",247,22,-56
"1830",247,25,-49
"1831",247,28,-26
"1832",247,29,-38
"1833",247,33,-22
"1834",247,34,-34
"1835",247,41,-49
"1836",247,219,-22
"1837",247,231,-58
"1838",247,232,-166
"1839",247,261,-90
"1840",248,34,-52
"1841",248,35,-32
"1842",248,84,-21
"1843",248,103,-33
"1844",248,242,-77
"1845",248,261,-347
"1846",248,266,-50
"1847",249,34,-34
"1848",249,103,-20
"1849",249,261,-124
"1850",249,266,-28
"1851",250,232,-27
"1852",250,261,-29
"1853",251,8,-23
"1854",251,9,-26
"1855",251,10,-20
"1856",251,32,-21
"1857",251,34,-69
"1858",251,103,-30
"1859",251,143,-25
"1860",251,242,-23
"1861",251,261,-128
"1862",251,266,-28
"1863",251,289,-26
"1864",252,34,-41
"1865",252,261,-94
"1866",252,266,-21
"1867",252,289,-30
"1868",253,9,-23
"1869",253,34,-61
"1870",253,35,-32
"1871",253,103,-26
"1872",253,232,-22
"1873",253,261,-130
"1874",253,266,-25
"1875",253,289,-30
"1876",254,34,-43
"1877",254,261,-120
"1878",254,266,-21
"1879",254,289,-30
"1880",254,354,-28
"1881",255,34,-26
"1882",255,261,-56
"1883",256,34,-36
"1884",256,240,-29
"1885",256,241,-31
"1886",256,261,-70
"1887",256,353,-21
"1888",256,354,-34
"1889",257,13,-21
"1890",257,34,-49
"1891",257,69,-49
"1892",257,71,-52
"1893",257,220,-23
"1894",257,231,-47
"1895",257,232,-38
"1896",257,258,-42
"1897",257,261,-135
"1898",258,1,-39
"1899",258,2,-27
"1900",258,11,-55
"1901",258,12,-24
"1902",258,16,-23
"1903",258,22,-21
"1904",258,25,-23
"1905",258,34,-20
"1906",258,257,-42
"1907",258,259,-103
"1908",258,260,-35
"1909",258,261,-86
"1910",259,11,-33
"1911",259,232,-30
"1912",259,258,-103
"1913",259,261,-28
"1914",260,13,-34
"1915",260,83,-20
"1916",260,90,-22
"1917",260,152,-32
"1918",260,155,-20
"1919",260,156,-62
"1920",260,158,-45
"1921",260,175,-23
"1922",260,258,-35
"1923",260,266,-62
"1924",260,367,-24
"1925",261,3,-194
"1926",261,4,-120
"1927",261,5,-61
"1928",261,11,-54
"1929",261,13,-75
"1930",261,14,-116
"1931",261,15,-80
"1932",261,37,-25
"1933",261,43,-138
"1934",261,48,-34
"1935",261,49,-34
"1936",261,50,-28
"1937",261,57,-49
"1938",261,58,-69
"1939",261,59,-73
"1940",261,60,-77
"1941",261,61,-123
"1942",261,63,-47
"1943",261,64,-35
"1944",261,65,-88
"1945",261,66,-32
"1946",261,78,-24
"1947",261,79,-33
"1948",261,82,-126
"1949",261,83,-181
"1950",261,84,-71
"1951",261,87,-56
"1952",261,90,-222
"1953",261,91,-69
"1954",261,92,-24
"1955",261,99,-27
"1956",261,104,-47
"1957",261,105,-38
"1958",261,106,-65
"1959",261,108,-27
"1960",261,110,-58
"1961",261,112,-51
"1962",261,113,-44
"1963",261,116,-46
"1964",261,117,-37
"1965",261,120,-33
"1966",261,123,-29
"1967",261,124,-21
"1968",261,130,-37
"1969",261,135,-28
"1970",261,136,-25
"1971",261,137,-21
"1972",261,139,-30
"1973",261,140,-21
"1974",261,141,-23
"1975",261,151,-46
"1976",261,152,-33
"1977",261,154,-32
"1978",261,155,-40
"1979",261,158,-369
"1980",261,159,-22
"1981",261,162,-27
"1982",261,165,-21
"1983",261,167,-26
"1984",261,171,-38
"1985",261,172,-30
"1986",261,173,-30
"1987",261,174,-32
"1988",261,175,-29
"1989",261,176,-35
"1990",261,177,-34
"1991",261,178,-26
"1992",261,179,-44
"1993",261,180,-23
"1994",261,182,-30
"1995",261,183,-30
"1996",261,184,-29
"1997",261,185,-25
"1998",261,186,-25
"1999",261,188,-23
"2000",261,189,-31
"2001",261,190,-27
"2002",261,191,-23
"2003",261,192,-23
"2004",261,193,-25
"2005",261,195,-21
"2006",261,197,-25
"2007",261,198,-24
"2008",261,199,-22
"2009",261,203,-32
"2010",261,209,-25
"2011",261,215,-35.009998
"2012",261,232,-55
"2013",261,238,-82
"2014",261,239,-48
"2015",261,242,-96
"2016",261,243,-471
"2017",261,245,-174
"2018",261,246,-100
"2019",261,247,-90
"2020",261,248,-347
"2021",261,249,-124
"2022",261,250,-29
"2023",261,251,-128
"2024",261,252,-94
"2025",261,253,-130
"2026",261,254,-120
"2027",261,255,-56
"2028",261,256,-70
"2029",261,257,-135
"2030",261,258,-86
"2031",261,259,-28
"2032",261,262,-168
"2033",261,263,-147
"2034",261,264,-329
"2035",261,265,-189
"2036",261,266,-374
"2037",261,267,-49
"2038",261,268,-170
"2039",261,269,-260
"2040",261,270,-36
"2041",261,271,-557
"2042",261,272,-195
"2043",261,273,-268
"2044",261,274,-47
"2045",261,275,-50
"2046",261,279,-108
"2047",261,280,-61
"2048",261,283,-33
"2049",261,284,-55
"2050",261,285,-61
"2051",261,286,-40
"2052",261,287,-103
"2053",261,288,-75
"2054",261,291,-38
"2055",261,292,-34
"2056",261,293,-24
"2057",261,294,-45
"2058",261,295,-30
"2059",261,297,-34
"2060",261,298,-27
"2061",261,299,-49
"2062",261,300,-34
"2063",261,301,-30
"2064",261,318,-28.710001
"2065",261,352,-39
"2066",261,365,-38
"2067",261,366,-33
"2068",261,367,-74
"2069",261,368,-30
"2070",261,392,-34
"2071",261,395,-21
"2072",261,396,-21
"2073",261,398,-29
"2074",261,401,-25
"2075",261,406,-24
"2076",261,407,-20
"2077",261,420,-37
"2078",261,572,-22
"2079",262,261,-168
"2080",263,232,-63
"2081",263,261,-147
"2082",263,367,-24
"2083",264,11,-46
"2084",264,12,-22
"2085",264,261,-329
"2086",264,266,-30
"2087",265,11,-32
"2088",265,13,-20
"2089",265,110,-22
"2090",265,112,-23
"2091",265,232,-56
"2092",265,261,-189
"2093",265,266,-115
"2094",265,367,-29
"2095",266,11,-28
"2096",266,248,-50
"2097",266,249,-28
"2098",266,251,-28
"2099",266,252,-21
"2100",266,253,-25
"2101",266,254,-21
"2102",266,260,-62
"2103",266,261,-374
"2104",266,264,-30
"2105",266,265,-115
"2106",266,269,-38
"2107",266,271,-59
"2108",266,272,-37
"2109",266,273,-36
"2110",266,279,-26
"2111",267,261,-49
"2112",268,11,-25
"2113",268,34,-24
"2114",268,87,-31
"2115",268,88,-177
"2116",268,91,-51
"2117",268,92,-69
"2118",268,94,-47
"2119",268,95,-46
"2120",268,96,-20
"2121",268,101,-43
"2122",268,105,-31
"2123",268,106,-37
"2124",268,261,-170
"2125",268,291,-36
"2126",268,292,-30
"2127",268,293,-20
"2128",269,34,-35
"2129",269,261,-260
"2130",269,266,-38
"2131",270,261,-36
"2132",271,9,-20
"2133",271,13,-21
"2134",271,23,-27
"2135",271,34,-52
"2136",271,35,-28
"2137",271,37,-40
"2138",271,261,-557
"2139",271,266,-59
"2140",272,11,-40
"2141",272,12,-26
"2142",272,25,-20
"2143",272,34,-34
"2144",272,103,-21
"2145",272,261,-195
"2146",272,266,-37
"2147",273,11,-52
"2148",273,12,-32
"2149",273,21,-20
"2150",273,22,-22
"2151",273,23,-27
"2152",273,25,-27
"2153",273,34,-45
"2154",273,35,-23
"2155",273,88,-39
"2156",273,92,-21
"2157",273,102,-26
"2158",273,103,-41
"2159",273,104,-26
"2160",273,105,-47
"2161",273,106,-36
"2162",273,108,-27
"2163",273,110,-27
"2164",273,112,-22
"2165",273,261,-268
"2166",273,266,-36
"2167",273,364,-23
"2168",274,103,-26
"2169",274,104,-37
"2170",274,105,-25
"2171",274,261,-47
"2172",275,11,-28
"2173",275,34,-25
"2174",275,261,-50
"2175",276,104,-22
"2176",276,352,-163
"2177",276,353,-92
"2178",278,104,-22
"2179",279,9,-20
"2180",279,11,-59
"2181",279,12,-46
"2182",279,22,-26
"2183",279,23,-30
"2184",279,25,-31
"2185",279,34,-53
"2186",279,35,-23
"2187",279,37,-44
"2188",279,103,-23
"2189",279,261,-108
"2190",279,266,-26
"2191",279,289,-23
"2192",280,11,-36
"2193",280,12,-24
"2194",280,34,-32
"2195",280,261,-61
"2196",280,290,-28
"2197",280,352,-28
"2198",282,103,-30
"2199",282,104,-120
"2200",282,105,-32
"2201",282,106,-27
"2202",282,107,-27
"2203",282,353,-22
"2204",282,365,-41
"2205",283,261,-33
"2206",283,284,-40
"2207",284,11,-35
"2208",284,12,-22
"2209",284,34,-32
"2210",284,37,-28
"2211",284,103,-33
"2212",284,261,-55
"2213",284,283,-40
"2214",284,285,-44
"2215",284,286,-71
"2216",284,359,-31
"2217",284,365,-50
"2218",284,367,-29
"2219",285,11,-36
"2220",285,12,-24
"2221",285,25,-21
"2222",285,34,-32
"2223",285,261,-61
"2224",285,284,-44
"2225",285,289,-24
"2226",285,290,-200
"2227",285,361,-23
"2228",286,11,-22
"2229",286,34,-21
"2230",286,261,-40
"2231",286,284,-71
"2232",287,11,-42
"2233",287,12,-21
"2234",287,34,-26
"2235",287,88,-22
"2236",287,95,-25
"2237",287,261,-103
"2238",287,289,-65
"2239",287,290,-66
"2240",287,352,-59
"2241",287,353,-33
"2242",288,11,-34
"2243",288,34,-20
"2244",288,261,-75
"2245",288,289,-127
"2246",288,290,-124
"2247",289,251,-26
"2248",289,252,-30
"2249",289,253,-30
"2250",289,254,-30
"2251",289,279,-23
"2252",289,285,-24
"2253",289,287,-65
"2254",289,288,-127
"2255",290,280,-28
"2256",290,285,-200
"2257",290,287,-66
"2258",290,288,-124
"2259",291,87,-63
"2260",291,261,-38
"2261",291,268,-36
"2262",292,87,-31
"2263",292,261,-34
"2264",292,268,-30
"2265",293,87,-20
"2266",293,261,-24
"2267",293,268,-20
"2268",294,87,-30
"2269",294,261,-45
"2270",295,87,-38
"2271",295,261,-30
"2272",296,87,-28
"2273",297,261,-34
"2274",298,261,-27
"2275",299,45,-20
"2276",299,87,-23
"2277",299,261,-49
"2278",300,11,-25
"2279",300,34,-26
"2280",300,261,-34
"2281",301,261,-30
"2282",302,215,-21.68
"2283",302,303,-48.839996
"2284",302,304,-36.450001
"2285",302,307,-40.470001
"2286",302,308,-41.209999
"2287",302,443,-23.08
"2288",303,213,-198.869999
"2289",303,214,-20.26
"2290",303,215,-49.950001
"2291",303,302,-45.449997
"2292",303,316,-40.610004
"2293",303,318,-49.110001
"2294",304,215,-36.360001
"2295",304,302,-32.950001
"2296",304,316,-21.459999
"2297",304,318,-24.139999
"2298",305,215,-27.610001
"2299",306,215,-39.269997
"2300",306,316,-30.079998
"2301",306,318,-32.380001
"2302",307,213,-25.699999
"2303",307,215,-60.93
"2304",307,302,-36.68
"2305",307,316,-50.489998
"2306",307,318,-49.850002
"2307",308,213,-20.689999
"2308",308,215,-48.93
"2309",308,302,-38.470001
"2310",308,316,-33.630001
"2311",308,318,-39.200005
"2312",309,215,-32.07
"2313",309,316,-20.389999
"2314",309,318,-21.360001
"2315",310,215,-27.92
"2316",311,215,-48.469997
"2317",311,316,-35.810001
"2318",311,318,-33.900002
"2319",312,215,-51
"2320",312,316,-43.149998
"2321",312,318,-39.400002
"2322",313,215,-38.540001
"2323",313,316,-27.800001
"2324",313,318,-29.24
"2325",314,215,-31.420002
"2326",314,316,-21.33
"2327",314,318,-22.379999
"2328",315,215,-32.879997
"2329",316,202,-27.469999
"2330",316,210,-20.58
"2331",316,214,-20.65
"2332",316,215,-105.649994
"2333",316,223,-28.949999
"2334",316,303,-42.48
"2335",316,304,-21.469999
"2336",316,306,-31.299999
"2337",316,307,-52.529999
"2338",316,308,-34.040001
"2339",316,311,-35.779999
"2340",316,312,-40.729996
"2341",316,313,-27.580002
"2342",316,314,-20.75
"2343",316,317,-39.800003
"2344",316,318,-108.969994
"2345",316,319,-54.840004
"2346",316,320,-67.610001
"2347",316,321,-70.489998
"2348",316,443,-24.99
"2349",316,449,-26.27
"2350",317,215,-55.769997
"2351",317,316,-41.669998
"2352",317,318,-41.950001
"2353",318,11,-27.9
"2354",318,34,-25.509998
"2355",318,77,-20.92
"2356",318,202,-31
"2357",318,206,-30.5
"2358",318,210,-21.01
"2359",318,212,-21.949999
"2360",318,214,-21.799999
"2361",318,215,-104.380005
"2362",318,223,-52.23
"2363",318,224,-30.889999
"2364",318,228,-23.280001
"2365",318,229,-29.530001
"2366",318,230,-28.84
"2367",318,261,-33.23
"2368",318,303,-51.049999
"2369",318,304,-24.059999
"2370",318,306,-33.369999
"2371",318,307,-51.52
"2372",318,308,-39.419998
"2373",318,309,-20.76
"2374",318,311,-33.529999
"2375",318,312,-36.990002
"2376",318,313,-28.889999
"2377",318,314,-21.709999
"2378",318,316,-107.340004
"2379",318,317,-39.969997
"2380",318,319,-87.110001
"2381",318,320,-83.120003
"2382",318,321,-97.400002
"2383",318,323,-22.490002
"2384",318,324,-22.66
"2385",318,325,-30.09
"2386",318,327,-23.130001
"2387",318,443,-30.639999
"2388",318,449,-27.130001
"2389",318,467,-24.610001
"2390",318,472,-20.23
"2391",319,215,-47.330002
"2392",319,316,-54.309998
"2393",319,318,-87.220001
"2394",320,215,-54.639999
"2395",320,316,-68.080002
"2396",320,318,-84.379997
"2397",321,213,-22.610001
"2398",321,214,-31.99
"2399",321,215,-85.040001
"2400",321,316,-69.229996
"2401",321,318,-96.130005
"2402",323,22,-196
"2403",323,215,-28.09
"2404",323,318,-21.459999
"2405",324,215,-27.93
"2406",324,318,-22.18
"2407",325,215,-27.579998
"2408",325,318,-29.049999
"2409",327,215,-25.33
"2410",327,318,-22.57
"2411",352,11,-20
"2412",352,261,-39
"2413",352,276,-163
"2414",352,280,-28
"2415",352,287,-59
"2416",353,256,-21
"2417",353,276,-92
"2418",353,282,-22
"2419",353,287,-33
"2420",354,254,-28
"2421",354,256,-34
"2422",359,284,-31
"2423",361,285,-23
"2424",364,104,-60
"2425",364,105,-34
"2426",364,106,-51
"2427",364,107,-98
"2428",364,108,-104
"2429",364,109,-153
"2430",364,111,-141
"2431",364,273,-23
"2432",365,11,-24
"2433",365,95,-24
"2434",365,261,-38
"2435",365,282,-41
"2436",365,284,-50
"2437",366,11,-21
"2438",366,34,-21
"2439",366,105,-23
"2440",366,107,-33
"2441",366,108,-42
"2442",366,109,-27
"2443",366,261,-33
"2444",367,11,-50
"2445",367,12,-25
"2446",367,21,-26
"2447",367,25,-25
"2448",367,34,-38
"2449",367,38,-21
"2450",367,41,-23
"2451",367,45,-22
"2452",367,47,-22
"2453",367,87,-21
"2454",367,88,-46
"2455",367,89,-21
"2456",367,91,-28
"2457",367,92,-29
"2458",367,96,-29
"2459",367,97,-23
"2460",367,105,-36
"2461",367,106,-20
"2462",367,107,-22
"2463",367,108,-39
"2464",367,109,-36
"2465",367,260,-24
"2466",367,261,-74
"2467",367,263,-24
"2468",367,265,-29
"2469",367,284,-29
"2470",367,392,-22
"2471",367,393,-123
"2472",368,108,-23
"2473",368,261,-30
"2474",392,261,-34
"2475",392,367,-22
"2476",393,367,-123
"2477",395,261,-21
"2478",396,261,-21
"2479",398,11,-21
"2480",398,261,-29
"2481",401,261,-25
"2482",406,261,-24
"2483",407,261,-20
"2484",420,11,-23
"2485",420,34,-31
"2486",420,88,-25
"2487",420,94,-26
"2488",420,95,-39
"2489",420,96,-22
"2490",420,174,-46
"2491",420,175,-22
"2492",420,197,-73
"2493",420,198,-29
"2494",420,199,-136
"2495",420,261,-37
"2496",422,199,-141
"2497",422,424,-30.870001
"2498",422,430,-26.439999
"2499",423,961,-20.540001
"2500",424,172,-25.510002
"2501",424,177,-36.389999
"2502",424,178,-20.59
"2503",424,422,-30.110003
"2504",424,425,-60.239998
"2505",424,426,-217.100006
"2506",424,427,-55.839996
"2507",424,428,-25.33
"2508",424,429,-25.550001
"2509",424,430,-53.730003
"2510",424,436,-20.849998
"2511",424,437,-30.16
"2512",424,438,-28.870001
"2513",424,440,-21.370001
"2514",424,441,-25.799999
"2515",424,709,-20.860001
"2516",425,172,-87
"2517",425,175,-28
"2518",425,176,-112
"2519",425,177,-26
"2520",425,424,-57.690002
"2521",425,430,-69.660004
"2522",425,438,-36.98
"2523",425,708,-27.59
"2524",425,713,-21.84
"2525",426,424,-220.940002
"2526",426,430,-105.129997
"2527",426,438,-43.959999
"2528",426,708,-21.27
"2529",427,424,-55.420002
"2530",427,430,-83.75
"2531",427,438,-43.139999
"2532",427,708,-26.67
"2533",427,713,-21.48
"2534",428,424,-26.93
"2535",428,430,-42.459999
"2536",429,424,-26.15
"2537",429,430,-68.779999
"2538",429,438,-26.460001
"2539",430,177,-25.24
"2540",430,422,-27.360001
"2541",430,424,-57.340004
"2542",430,425,-75.910004
"2543",430,426,-108.889999
"2544",430,427,-88.629997
"2545",430,428,-42.52
"2546",430,429,-69.900002
"2547",430,432,-27.65
"2548",430,433,-63.93
"2549",430,434,-65.41
"2550",430,435,-144.009998
"2551",430,436,-140.25
"2552",430,437,-48.880001
"2553",430,438,-31.76
"2554",430,439,-35.650002
"2555",430,440,-35.310001
"2556",430,441,-33.150002
"2557",430,688,-25.599998
"2558",430,709,-24.42
"2559",432,430,-27.16
"2560",432,438,-21.83
"2561",433,430,-63.019997
"2562",433,438,-24.780001
"2563",434,430,-64.950001
"2564",434,438,-22.92
"2565",435,430,-141.710003
"2566",435,438,-54.540001
"2567",435,441,-82
"2568",435,708,-28.860003
"2569",435,713,-22.629999
"2570",436,424,-20.77
"2571",436,430,-138.98
"2572",436,438,-55.030006
"2573",436,441,-43
"2574",436,708,-31.52
"2575",436,713,-24.1
"2576",437,424,-32.220001
"2577",437,430,-49.700001
"2578",437,438,-63.519997
"2579",437,441,-25
"2580",438,424,-31.789999
"2581",438,425,-40.84
"2582",438,426,-47.110001
"2583",438,427,-46.639999
"2584",438,429,-27.990002
"2585",438,430,-33.75
"2586",438,432,-23.240002
"2587",438,433,-26.209999
"2588",438,434,-24.109999
"2589",438,435,-58.309998
"2590",438,436,-57.099998
"2591",438,437,-65.480003
"2592",438,439,-38.25
"2593",438,440,-29.759998
"2594",438,441,-63.279999
"2595",438,688,-36.310001
"2596",439,430,-34.450001
"2597",439,438,-35.660004
"2598",439,708,-25.049999
"2599",439,713,-20.030001
"2600",439,722,-22.76
"2601",439,961,-30.890001
"2602",439,963,-20.110001
"2603",439,966,-24.83
"2604",439,969,-25.77
"2605",440,424,-22.860001
"2606",440,430,-36.040001
"2607",440,438,-28.700001
"2608",440,708,-23.450001
"2609",441,424,-28.200001
"2610",441,430,-34.650002
"2611",441,435,-82
"2612",441,436,-43
"2613",441,437,-25
"2614",441,438,-62.179996
"2615",441,708,-71.18
"2616",441,713,-60.560001
"2617",442,215,-27.969999
"2618",443,213,-21.27
"2619",443,215,-49.099998
"2620",443,302,-22.289999
"2621",443,316,-26.049999
"2622",443,318,-32.049999
"2623",444,215,-22.549999
"2624",449,215,-32
"2625",449,316,-25.669998
"2626",449,318,-26.439999
"2627",450,215,-29.869999
"2628",451,456,-63
"2629",456,451,-63
"2630",457,730,-20.09
"2631",458,730,-26.309999
"2632",459,730,-31.820002
"2633",460,730,-29.740002
"2634",461,730,-58.860001
"2635",461,736,-26.120001
"2636",461,738,-23.76
"2637",461,739,-27.059999
"2638",462,730,-21.790001
"2639",463,730,-60.41
"2640",463,736,-26.4
"2641",463,738,-23.25
"2642",463,739,-40.510002
"2643",464,730,-86.609993
"2644",464,736,-33.759998
"2645",464,737,-22.9
"2646",464,738,-36.830002
"2647",464,739,-35.260002
"2648",465,730,-27.65
"2649",465,738,-28.810001
"2650",465,739,-56.82
"2651",466,730,-35.880001
"2652",466,738,-113.939995
"2653",466,739,-254.150009
"2654",466,741,-39.550003
"2655",466,743,-29.699999
"2656",467,215,-27.300001
"2657",467,318,-24.41
"2658",472,215,-22.309999
"2659",472,318,-20.029999
"2660",472,730,-21.540001
"2661",476,730,-51.389999
"2662",476,736,-22.390001
"2663",476,739,-21.869999
"2664",481,730,-36.990002
"2665",484,730,-21.529999
"2666",486,730,-21.929998
"2667",487,730,-30.02
"2668",489,739,-22
"2669",490,739,-63.509998
"2670",490,743,-24.939999
"2671",491,739,-22.85
"2672",572,261,-22
"2673",670,985,-22.279999
"2674",684,985,-28.870001
"2675",685,985,-28.880001
"2676",688,430,-24.819998
"2677",688,438,-35.060001
"2678",688,708,-27.459999
"2679",688,713,-20.4
"2680",697,708,-48.459999
"2681",697,713,-48.41
"2682",698,708,-24.830002
"2683",698,713,-23.02
"2684",699,708,-26.849998
"2685",699,713,-22.940001
"2686",700,708,-28.77
"2687",700,713,-26.77
"2688",701,708,-23.82
"2689",701,961,-25.449999
"2690",701,963,-21.049999
"2691",701,964,-22.15
"2692",701,966,-21.880001
"2693",702,708,-23.600002
"2694",702,713,-22.199999
"2695",704,708,-64.990005
"2696",704,713,-51.73
"2697",704,722,-24.860001
"2698",704,961,-28.82
"2699",704,963,-24.550001
"2700",704,964,-22.870001
"2701",704,966,-28.310001
"2702",704,969,-20.649998
"2703",708,77,-21.4
"2704",708,425,-31.740002
"2705",708,426,-23.879999
"2706",708,427,-30.26
"2707",708,435,-32.670002
"2708",708,436,-34.650002
"2709",708,437,-20.969999
"2710",708,439,-28.259998
"2711",708,440,-25.83
"2712",708,441,-78.080002
"2713",708,688,-29.85
"2714",708,697,-50.619999
"2715",708,698,-26.710001
"2716",708,699,-29.32
"2717",708,700,-30.740002
"2718",708,701,-25.82
"2719",708,702,-25.23
"2720",708,704,-70.849998
"2721",708,709,-330.529999
"2722",708,710,-166.770004
"2723",708,711,-69.949997
"2724",708,712,-101.229996
"2725",708,717,-28.52
"2726",708,723,-70.290001
"2727",708,726,-47.23
"2728",708,727,-75
"2729",709,424,-23.040001
"2730",709,430,-25.75
"2731",709,708,-310.779999
"2732",709,713,-262.679993
"2733",710,708,-156.829987
"2734",710,713,-141.440002
"2735",711,708,-65.010002
"2736",711,713,-60.080002
"2737",711,722,-40.580002
"2738",711,728,-32.610001
"2739",711,961,-54.800003
"2740",711,962,-39.540005
"2741",711,963,-39.170002
"2742",711,964,-50.029999
"2743",711,966,-48.639999
"2744",711,969,-35.089996
"2745",711,971,-28.210001
"2746",711,985,-43.639999
"2747",712,708,-95.340004
"2748",712,713,-109.330002
"2749",713,425,-25.109999
"2750",713,427,-24.34
"2751",713,435,-25.630001
"2752",713,436,-26.529999
"2753",713,439,-22.470001
"2754",713,440,-21.01
"2755",713,441,-66.160004
"2756",713,688,-22.01
"2757",713,697,-49.25
"2758",713,698,-24.4
"2759",713,699,-24.629999
"2760",713,700,-28.030001
"2761",713,701,-20.879999
"2762",713,702,-23.309999
"2763",713,704,-55.649998
"2764",713,709,-277.75
"2765",713,710,-148.550003
"2766",713,711,-63.979996
"2767",713,712,-114.389999
"2768",713,717,-25.09
"2769",713,723,-62.880001
"2770",713,726,-75.959999
"2771",713,727,-119.550003
"2772",715,985,-20.789999
"2773",717,708,-26.150002
"2774",717,713,-23.740002
"2775",717,722,-31.369999
"2776",717,728,-21.23
"2777",717,961,-37.380001
"2778",717,962,-24.689999
"2779",717,963,-27.130001
"2780",717,964,-31.039999
"2781",717,966,-38.239998
"2782",717,969,-22.059999
"2783",717,985,-29.68
"2784",720,722,-21.950001
"2785",720,961,-24.219999
"2786",720,966,-29.579998
"2787",721,722,-178.26001
"2788",721,728,-43.77
"2789",721,961,-95.209999
"2790",721,962,-53.010002
"2791",721,963,-55.530003
"2792",721,964,-56.790001
"2793",721,966,-96.970001
"2794",721,969,-50.409996
"2795",721,970,-23.049999
"2796",721,971,-34.650002
"2797",721,985,-55.959999
"2798",722,439,-26.26
"2799",722,704,-27.400002
"2800",722,711,-44.709999
"2801",722,717,-34.040001
"2802",722,720,-22.530001
"2803",722,721,-187.720001
"2804",722,723,-60.810001
"2805",722,724,-21.52
"2806",722,725,-30.049999
"2807",722,961,-119
"2808",722,962,-54.780003
"2809",722,963,-65.029999
"2810",722,964,-57.009998
"2811",722,966,-414.910004
"2812",722,969,-59.669998
"2813",722,970,-31.24
"2814",722,971,-50
"2815",722,972,-21.07
"2816",722,974,-27.249998
"2817",722,975,-21.809999
"2818",722,979,-31.610001
"2819",722,982,-20.67
"2820",722,983,-23.220001
"2821",722,984,-22.199999
"2822",722,985,-73.559998
"2823",723,708,-64.380005
"2824",723,713,-58.279999
"2825",723,722,-54.339996
"2826",723,728,-43.590004
"2827",723,961,-73.339996
"2828",723,962,-54.149998
"2829",723,963,-53.389999
"2830",723,964,-70.230003
"2831",723,966,-63.809998
"2832",723,969,-51.48
"2833",723,970,-22.189999
"2834",723,971,-40.66
"2835",723,985,-62.359997
"2836",724,722,-21.290001
"2837",724,728,-94.159996
"2838",724,961,-21.709999
"2839",724,962,-38.080002
"2840",724,966,-31.059998
"2841",725,722,-28.92
"2842",725,961,-36.559998
"2843",725,963,-24.15
"2844",725,964,-24.120001
"2845",725,966,-39.890003
"2846",725,969,-22.179998
"2847",725,985,-25.720001
"2848",726,708,-49.02
"2849",726,713,-81.059998
"2850",726,728,-121.040001
"2851",726,961,-26.59
"2852",726,962,-38.5
"2853",727,708,-76.629997
"2854",727,713,-125.560005
"2855",727,728,-24.790001
"2856",728,709,-21.530001
"2857",728,711,-35.300003
"2858",728,717,-23.100002
"2859",728,721,-45.34
"2860",728,723,-47.91
"2861",728,724,-102.989998
"2862",728,726,-120.010002
"2863",728,727,-24.43
"2864",728,961,-84.669998
"2865",728,962,-141.639999
"2866",728,963,-48.649998
"2867",728,964,-31.140001
"2868",728,966,-27.23
"2869",729,730,-164.009995
"2870",729,731,-24.280001
"2871",729,733,-24.210001
"2872",729,734,-35.98
"2873",729,735,-22.58
"2874",729,736,-55.16
"2875",729,737,-37.240002
"2876",729,738,-80.769997
"2877",730,457,-21.639999
"2878",730,458,-28.669998
"2879",730,459,-34.730003
"2880",730,460,-31.77
"2881",730,461,-66.279999
"2882",730,462,-23.34
"2883",730,463,-66.349998
"2884",730,464,-94.979996
"2885",730,465,-30.139999
"2886",730,466,-38.310001
"2887",730,472,-23.74
"2888",730,476,-55.300003
"2889",730,481,-39.360001
"2890",730,484,-23.689999
"2891",730,486,-24.09
"2892",730,487,-33.580002
"2893",730,729,-177.73999
"2894",730,731,-77.900002
"2895",730,732,-83.840004
"2896",730,733,-81.020004
"2897",730,734,-244.100006
"2898",730,735,-68.980003
"2899",730,736,-726.75
"2900",730,737,-86.18
"2901",730,738,-124.589996
"2902",730,739,-25.640001
"2903",731,729,-25.960001
"2904",731,730,-78.830002
"2905",731,732,-272.480011
"2906",731,736,-117
"2907",732,730,-79.679993
"2908",732,731,-258.660004
"2909",732,733,-105.920006
"2910",732,734,-123.810005
"2911",732,735,-63.079994
"2912",732,736,-119.630005
"2913",732,737,-311.460022
"2914",733,729,-25.810001
"2915",733,730,-81.229996
"2916",733,732,-111.130005
"2917",733,736,-121.089996
"2918",734,729,-34.900002
"2919",734,730,-235.040009
"2920",734,732,-121.419998
"2921",734,736,-344.859985
"2922",734,738,-30.539999
"2923",735,729,-24.51
"2924",735,730,-70.480003
"2925",735,732,-66.849998
"2926",735,736,-104.060005
"2927",736,461,-29.23
"2928",736,463,-29.140001
"2929",736,464,-36.349998
"2930",736,476,-24.380001
"2931",736,729,-58.5
"2932",736,730,-731.730042
"2933",736,731,-115.440002
"2934",736,732,-126.150002
"2935",736,733,-120.669998
"2936",736,734,-359.549988
"2937",736,735,-101.799995
"2938",736,737,-141.089996
"2939",736,738,-45.279999
"2940",737,464,-24.970001
"2941",737,729,-40.389999
"2942",737,730,-88.93
"2943",737,732,-333.720001
"2944",737,736,-146.709991
"2945",737,738,-28.73
"2946",738,461,-26.220001
"2947",738,463,-25.379999
"2948",738,464,-39.060001
"2949",738,465,-30.809998
"2950",738,466,-120.929993
"2951",738,729,-84.559998
"2952",738,730,-121.029999
"2953",738,734,-32.200001
"2954",738,736,-44
"2955",738,737,-27.5
"2956",738,739,-177.610001
"2957",738,740,-90.860001
"2958",738,741,-34.130001
"2959",738,743,-24.730001
"2960",739,461,-29.549999
"2961",739,463,-43.66
"2962",739,464,-36.91
"2963",739,465,-60.789997
"2964",739,466,-271.889984
"2965",739,476,-23.5
"2966",739,484,-21.440001
"2967",739,489,-23
"2968",739,490,-67.849998
"2969",739,491,-22.780001
"2970",739,730,-24.299999
"2971",739,738,-176.419998
"2972",739,740,-647.249939
"2973",739,741,-702.589966
"2974",739,742,-63.380001
"2975",739,743,-355.830017
"2976",739,744,-40.519997
"2977",739,745,-53.889999
"2978",739,746,-34.060001
"2979",739,752,-22.98
"2980",740,738,-90.620003
"2981",740,739,-643.409973
"2982",740,741,-79.589996
"2983",740,743,-107.660004
"2984",741,466,-41.400002
"2985",741,738,-34.57
"2986",741,739,-734.100037
"2987",741,740,-81.059998
"2988",741,742,-24.799999
"2989",741,743,-911.929932
"2990",741,744,-125.190002
"2991",741,745,-131.519989
"2992",741,746,-88.089996
"2993",741,747,-39.440002
"2994",741,751,-31.74
"2995",741,752,-46.019997
"2996",741,755,-23.16
"2997",742,739,-62.840004
"2998",742,741,-24.33
"2999",742,743,-29.349998
"3000",742,751,-21.4
"3001",743,466,-31.559999
"3002",743,490,-27.109999
"3003",743,738,-25.379999
"3004",743,739,-375.380005
"3005",743,740,-112.369995
"3006",743,741,-918.050049
"3007",743,742,-30.739998
"3008",743,744,-179.770004
"3009",743,745,-266.070007
"3010",743,746,-197.880005
"3011",743,747,-72.270004
"3012",743,748,-21.970001
"3013",743,749,-29.610001
"3014",743,751,-53.169998
"3015",743,752,-89.949997
"3016",743,753,-28.5
"3017",743,754,-25.050001
"3018",743,755,-34.27
"3019",744,739,-42.720001
"3020",744,741,-127.589996
"3021",744,743,-181.589996
"3022",744,745,-224.499985
"3023",744,746,-163.549988
"3024",744,747,-54.970001
"3025",744,751,-40.990002
"3026",744,752,-72.490005
"3027",744,753,-23.489998
"3028",744,755,-28.049999
"3029",745,739,-52.610001
"3030",745,741,-125.860001
"3031",745,743,-251.970001
"3032",745,744,-213.330002
"3033",745,751,-176.910004
"3034",746,739,-31.750002
"3035",746,741,-81.050003
"3036",746,743,-180.190002
"3037",746,744,-149.459991
"3038",746,751,-103.550003
"3039",747,741,-39.100002
"3040",747,743,-70.019997
"3041",747,744,-52.869999
"3042",747,751,-37.66
"3043",748,743,-21.74
"3044",749,743,-28.75
"3045",749,751,-20.5
"3046",751,741,-32.779999
"3047",751,742,-22.779999
"3048",751,743,-54.089996
"3049",751,744,-41.360001
"3050",751,745,-187.059998
"3051",751,746,-113.549995
"3052",751,747,-39.450001
"3053",751,749,-21.440001
"3054",751,752,-313.319977
"3055",751,753,-67.190002
"3056",751,754,-47.920002
"3057",751,755,-54.629997
"3058",751,756,-28.080002
"3059",751,775,-23.530001
"3060",752,739,-23.43
"3061",752,741,-45.539997
"3062",752,743,-87.82
"3063",752,744,-70.309998
"3064",752,751,-302.400024
"3065",753,743,-27.68
"3066",753,744,-22.65
"3067",753,751,-64.519997
"3068",754,743,-25.27
"3069",754,751,-47.260002
"3070",755,741,-23.09
"3071",755,743,-33.440002
"3072",755,744,-27.139999
"3073",755,751,-52.620003
"3074",756,751,-27.490002
"3075",775,751,-22.279999
"3076",938,985,-25.23
"3077",939,953,-25.519999
"3078",941,953,-109.959999
"3079",942,953,-38.540001
"3080",949,953,-74.07
"3081",950,953,-34.009998
"3082",951,953,-34.829998
"3083",952,953,-22.24
"3084",953,939,-26.41
"3085",953,941,-114.529999
"3086",953,942,-39.580002
"3087",953,947,-21.049999
"3088",953,949,-79.360001
"3089",953,950,-34.799999
"3090",953,951,-33.41
"3091",953,952,-21.57
"3092",953,954,-49.810001
"3093",953,955,-54.649998
"3094",953,956,-71.18
"3095",953,957,-28.299999
"3096",953,960,-23.9
"3097",954,953,-49.100002
"3098",955,953,-54.879997
"3099",956,953,-71.18
"3100",957,953,-27.59
"3101",960,953,-24.190001
"3102",961,423,-23.5
"3103",961,425,-21.16
"3104",961,439,-35.790001
"3105",961,688,-21.02
"3106",961,701,-28.4
"3107",961,703,-20.049999
"3108",961,704,-31.879999
"3109",961,706,-20.920002
"3110",961,711,-60.110001
"3111",961,717,-40.970001
"3112",961,720,-25.450001
"3113",961,721,-98.630005
"3114",961,722,-120.600006
"3115",961,723,-81.349998
"3116",961,724,-22.52
"3117",961,725,-39.07
"3118",961,726,-25.6
"3119",961,728,-82.739998
"3120",961,964,-77.439995
"3121",961,970,-30.099998
"3122",961,974,-29.959999
"3123",961,975,-20.43
"3124",961,976,-26.290001
"3125",961,979,-31.84
"3126",961,982,-31.52
"3127",961,983,-25.17
"3128",961,984,-29.459999
"3129",961,985,-66.230003
"3130",962,704,-20.709999
"3131",962,711,-43.529999
"3132",962,717,-27.52
"3133",962,721,-55.48
"3134",962,722,-58.089996
"3135",962,723,-60.290001
"3136",962,724,-42.360001
"3137",962,725,-20.279999
"3138",962,726,-39.919998
"3139",962,728,-147.960007
"3140",962,964,-76.910004
"3141",962,970,-37.439999
"3142",962,982,-25.349998
"3143",962,985,-21.349998
"3144",963,439,-23.360001
"3145",963,701,-24.050001
"3146",963,704,-27.75
"3147",963,711,-44.040001
"3148",963,717,-30.530001
"3149",963,721,-58.550003
"3150",963,722,-68.279999
"3151",963,723,-60.620003
"3152",963,725,-26.65
"3153",963,728,-50.040001
"3154",963,964,-177.279999
"3155",963,970,-104.409996
"3156",963,974,-22.279999
"3157",963,976,-23.360001
"3158",963,979,-27.200001
"3159",963,982,-27.560001
"3160",963,983,-27.09
"3161",963,984,-20.25
"3162",963,985,-49.82
"3163",964,701,-25.400002
"3164",964,704,-25.970001
"3165",964,711,-56.129997
"3166",964,717,-35.209999
"3167",964,721,-59.900002
"3168",964,722,-61.209999
"3169",964,723,-79.580002
"3170",964,725,-27.17
"3171",964,728,-33.709999
"3172",964,961,-84.839996
"3173",964,962,-81.169998
"3174",964,963,-185.820007
"3175",964,966,-121.379997
"3176",964,969,-20.780001
"3177",964,970,-38.34
"3178",964,971,-22.539999
"3179",964,982,-25.33
"3180",965,971,-41.529999
"3181",965,975,-30.360001
"3182",965,982,-38.380001
"3183",965,985,-87.880005
"3184",966,423,-20.639999
"3185",966,439,-28.629999
"3186",966,701,-23.900002
"3187",966,704,-30.900002
"3188",966,706,-20.459999
"3189",966,711,-53.209999
"3190",966,717,-41.060001
"3191",966,720,-30.209999
"3192",966,721,-101.68
"3193",966,722,-406.879974
"3194",966,723,-70.979996
"3195",966,724,-31.209999
"3196",966,725,-41.149998
"3197",966,728,-26.720001
"3198",966,964,-113.900009
"3199",966,967,-22.940001
"3200",966,968,-26.620001
"3201",966,970,-55.150002
"3202",966,972,-32.759998
"3203",966,974,-45.240002
"3204",966,975,-35.760002
"3205",966,976,-29.699999
"3206",966,979,-46.48
"3207",966,980,-27.02
"3208",966,982,-25.91
"3209",966,983,-26.150002
"3210",966,984,-36.610001
"3211",966,985,-117.25
"3212",967,966,-24.299999
"3213",967,969,-22.08
"3214",967,971,-54.629997
"3215",967,975,-37.959999
"3216",967,982,-62.279999
"3217",967,985,-101.909996
"3218",968,966,-27.919998
"3219",968,969,-26.860001
"3220",968,971,-74.980003
"3221",968,975,-48.84
"3222",968,982,-72.160004
"3223",968,985,-151.220001
"3224",969,439,-30.220001
"3225",969,704,-23.480001
"3226",969,711,-39.280003
"3227",969,717,-24.75
"3228",969,721,-52.98
"3229",969,722,-61.990005
"3230",969,723,-58.200001
"3231",969,725,-24.48
"3232",969,967,-21.689999
"3233",969,968,-26.869999
"3234",969,970,-68.470001
"3235",969,972,-30.390001
"3236",969,974,-63.460003
"3237",969,975,-44.760002
"3238",969,976,-61.179996
"3239",969,979,-52.950001
"3240",969,980,-34.099998
"3241",969,981,-22.439999
"3242",969,982,-67.059998
"3243",969,983,-43.529999
"3244",969,984,-52.510002
"3245",969,985,-133.779999
"3246",970,721,-24.299999
"3247",970,722,-32.130001
"3248",970,723,-25.030001
"3249",970,961,-30.630001
"3250",970,962,-35.690002
"3251",970,963,-100.540009
"3252",970,964,-35.799999
"3253",970,966,-57.490002
"3254",970,969,-69.790001
"3255",970,971,-52.200001
"3256",970,974,-28.709999
"3257",970,975,-20.42
"3258",970,976,-27.240002
"3259",970,979,-29.009998
"3260",970,982,-29.93
"3261",970,983,-22.65
"3262",970,984,-30.09
"3263",970,985,-61.599998
"3264",971,439,-22.059999
"3265",971,704,-20.880001
"3266",971,711,-31.780001
"3267",971,717,-21.42
"3268",971,721,-36.84
"3269",971,722,-51.66
"3270",971,723,-46.330002
"3271",971,725,-20.399998
"3272",971,964,-21.23
"3273",971,965,-42.309998
"3274",971,967,-53.719997
"3275",971,968,-75.449997
"3276",971,970,-52.309998
"3277",971,972,-71.059998
"3278",971,974,-148.089996
"3279",971,975,-122.599998
"3280",971,976,-130.110016
"3281",971,979,-103.57
"3282",971,980,-86.759995
"3283",971,981,-45.27
"3284",971,982,-131.48999
"3285",971,983,-90.089996
"3286",971,984,-112.610001
"3287",971,985,-293.040009
"3288",972,722,-22.380001
"3289",972,966,-34.900002
"3290",972,969,-31.369999
"3291",972,971,-73.299995
"3292",972,975,-48.850002
"3293",972,982,-78.220001
"3294",972,985,-142.710007
"3295",974,722,-28.16
"3296",974,961,-30.48
"3297",974,963,-21.639999
"3298",974,966,-47.299999
"3299",974,969,-64.159996
"3300",974,970,-28.790001
"3301",974,971,-147.699997
"3302",974,975,-114.700005
"3303",974,982,-116.889999
"3304",974,985,-276.850006
"3305",975,722,-23.029999
"3306",975,723,-20.08
"3307",975,961,-21.299999
"3308",975,965,-31.84
"3309",975,966,-38.119999
"3310",975,967,-38.299999
"3311",975,968,-50.419998
"3312",975,969,-46.709999
"3313",975,970,-20.959999
"3314",975,971,-125.87999
"3315",975,972,-48.419998
"3316",975,974,-118.080002
"3317",975,976,-103.559998
"3318",975,979,-75.690002
"3319",975,980,-64.790001
"3320",975,981,-37.77
"3321",975,982,-107.080002
"3322",975,983,-66.889999
"3323",975,984,-79.410004
"3324",975,985,-211
"3325",976,961,-26.01
"3326",976,963,-22.35
"3327",976,966,-30.260002
"3328",976,969,-61.060001
"3329",976,970,-26.85
"3330",976,971,-128.779999
"3331",976,975,-100.620003
"3332",976,982,-52.900002
"3333",976,985,-278.639984
"3334",978,982,-74.279999
"3335",978,985,-26.690001
"3336",979,722,-32.260002
"3337",979,961,-32.030003
"3338",979,963,-25.980001
"3339",979,966,-48.700001
"3340",979,969,-53.57
"3341",979,970,-29.170002
"3342",979,971,-105.609993
"3343",979,975,-75.290001
"3344",979,982,-253.899994
"3345",979,985,-215.859985
"3346",980,966,-28.25
"3347",980,969,-34.34
"3348",980,971,-86.489998
"3349",980,975,-62.920002
"3350",980,982,-69.68
"3351",980,985,-172.259995
"3352",981,969,-22.360001
"3353",981,971,-44.950001
"3354",981,975,-36.68
"3355",981,982,-91.410004
"3356",981,985,-94.399994
"3357",982,961,-30.23
"3358",982,962,-24.09
"3359",982,963,-25.66
"3360",982,964,-24.040001
"3361",982,965,-36.469997
"3362",982,966,-25.040001
"3363",982,967,-59.379997
"3364",982,968,-69.210007
"3365",982,969,-64.800003
"3366",982,970,-28.810001
"3367",982,971,-127.030006
"3368",982,972,-74.009995
"3369",982,974,-112.439995
"3370",982,975,-101.93
"3371",982,976,-51.269997
"3372",982,978,-69.649994
"3373",982,979,-238.230011
"3374",982,980,-66.910004
"3375",982,981,-87.440002
"3376",982,983,-90.189995
"3377",982,984,-159.690002
"3378",982,985,-282.369995
"3379",982,986,-63.120003
"3380",983,722,-22.450001
"3381",983,961,-23.949999
"3382",983,963,-25.15
"3383",983,966,-25.719999
"3384",983,969,-41.290001
"3385",983,970,-21.610001
"3386",983,971,-86.260002
"3387",983,975,-62.799999
"3388",983,982,-92.440002
"3389",983,985,-206.73999
"3390",984,722,-22.469999
"3391",984,961,-29.560001
"3392",984,966,-37.900002
"3393",984,969,-52.389999
"3394",984,970,-30.120001
"3395",984,971,-112.429993
"3396",984,975,-77.480003
"3397",984,982,-167.73999
"3398",984,985,-231.770004
"3399",985,77,-26.290001
"3400",985,670,-25.219999
"3401",985,684,-30.800001
"3402",985,685,-30.679998
"3403",985,711,-49.099998
"3404",985,714,-20.939999
"3405",985,715,-22.16
"3406",985,717,-33.370003
"3407",985,721,-59.919998
"3408",985,722,-77.779999
"3409",985,723,-70.949997
"3410",985,725,-28.260002
"3411",985,938,-26.309999
"3412",985,961,-69.510002
"3413",985,962,-20.629999
"3414",985,963,-49.830002
"3415",985,965,-92.559998
"3416",985,966,-125.650002
"3417",985,967,-103.580002
"3418",985,968,-157.960007
"3419",985,969,-141.410004
"3420",985,970,-63.830002
"3421",985,971,-305.160004
"3422",985,972,-142.75
"3423",985,974,-288.220001
"3424",985,975,-214.819992
"3425",985,976,-289.299988
"3426",985,978,-26.139999
"3427",985,979,-220.179993
"3428",985,980,-179.900009
"3429",985,981,-98.18
"3430",985,982,-297.02002
"3431",985,983,-220.98999
"3432",985,984,-239.920013
"3433",985,986,-31.84
"3434",986,982,-68.229996
"3435",986,985,-34.240002
