masterid,inj,fat,total,y,x
14,2,0,2,40.6732633507317,-74.0002820604666
30,14,0,14,40.6604729213676,-73.9980149148955
46,2,0,2,40.6779964354151,-74.004145639829
84,14,0,14,40.6834827311845,-73.9668896223823
86,3,0,3,40.6644252125031,-73.9869510176397
240,4,0,4,40.6981158124442,-73.977531016526
302,6,0,6,40.6867204533713,-73.9822316465539
317,4,1,5,40.667436468133,-73.984437332142
332,15,0,15,40.6750770823784,-73.9880039921574
357,5,0,5,40.6777162938235,-73.9732483991622
451,6,0,6,40.6594702477855,-74.002311792929
520,43,0,43,40.6960335058297,-73.9845286911647
635,4,0,4,40.6848908122843,-73.962107515153
680,13,0,13,40.6566442572391,-74.0052619628627
734,12,0,12,40.6814869042375,-73.9770231689588
809,6,0,6,40.6824193709827,-73.9706834540229
927,3,0,3,40.678680322749,-73.9904264006023
932,7,0,7,40.6476273359049,-73.9772631114384
963,11,0,11,40.6837703217081,-73.9787692802626
1119,2,0,2,40.6915350425193,-73.9937365971114
1155,11,0,11,40.6770489308199,-73.9800316780268
1235,6,0,6,40.6627933707948,-73.9988710910901
1394,2,0,2,40.6591078301431,-73.9957527862257
1514,9,0,9,40.6860824250986,-73.9909031512232
1573,5,0,5,40.687138652657,-73.987429243947
1582,27,0,27,40.6774089433793,-73.9830536616035
1676,3,0,3,40.6767095670561,-74.0047640371853
1802,4,0,4,40.6972459541175,-73.9851033991904
1929,2,0,2,40.6539125063466,-73.9730510361327
1963,5,0,5,40.6867568357435,-73.9755198841024
2026,5,0,5,40.6598627565311,-73.9775117145401
2056,5,0,5,40.6816159411617,-73.970826026566
2130,6,1,7,40.6615923962921,-73.9968490592149
2262,2,0,2,40.6801211580707,-74.0013398065456
2302,1,0,1,40.685592247244,-73.9733160207871
2333,6,0,6,40.6626970704063,-73.9956999931191
2343,2,0,2,40.6877516241795,-73.9933032648949
2717,24,0,24,40.677377383402,-73.9725025499419
2767,6,0,6,40.6645171917119,-73.9970746028768
2805,4,0,4,40.6928458551239,-73.9931030003486
2875,2,0,2,40.6814248804083,-73.9912965406151
2921,8,0,8,40.6786997057384,-73.9757492950265
2958,1,0,1,40.6738128084385,-73.9923693795184
2961,5,0,5,40.6854511377749,-73.9830913805899
2971,8,0,8,40.6750970247758,-73.9750301294423
3055,1,0,1,40.6615948214644,-73.9793505990621
3056,16,0,16,40.6867277519284,-73.9904673948337
3092,13,1,14,40.6821183973327,-73.9765958477447
3149,15,0,15,40.6950211775168,-73.9888317573472
3162,1,0,1,40.6540023694212,-73.9799255149604
3191,2,0,2,40.6755693615551,-73.985530821848
3205,5,0,5,40.6873140718003,-73.9919398517594
3302,4,0,4,40.6877516114801,-73.9697831424286
3341,20,0,20,40.687944435117,-73.9814004501392
3385,29,1,30,40.6609253305783,-73.9607784555631
3422,1,0,1,40.6794824280732,-73.9953735435053
3440,3,0,3,40.6778355311301,-74.0061633848764
3489,3,0,3,40.6778416215867,-73.9937251086767
3519,10,0,10,40.6840535484739,-73.981561515369
3545,3,0,3,40.6627862480402,-73.9883172905928
3557,9,0,9,40.6632837416403,-73.9845915733209
3602,6,0,6,40.6918710958919,-73.9655998946191
3724,11,0,11,40.6759063795175,-73.969497388137
3741,7,2,9,40.6736866732735,-74.0000760508663
3745,3,0,3,40.6843192122469,-73.9670556819999
3810,5,0,5,40.6920254163838,-73.9817902589642
3824,3,0,3,40.6771318250949,-73.9984178707672
3865,11,0,11,40.6674981349745,-73.981070305451
4007,5,0,5,40.683542454858,-73.9843741077291
4022,30,0,30,40.6896313100297,-73.985739367655
4032,7,0,7,40.6807900767205,-73.9917279710139
4038,1,0,1,40.6840197089239,-73.9962317188609
4122,4,0,4,40.665693091621,-73.9825812568068
4188,15,0,15,40.6982465113869,-73.9805441915306
4199,5,0,5,40.6892277200104,-73.9846966050219
4211,10,0,10,40.6633027497295,-73.9606154482041
4219,6,0,6,40.6640623238093,-73.9611088685485
4348,5,0,5,40.6896218886342,-73.9731263840452
4350,2,0,2,40.6565911695982,-73.9840239719453
4375,2,0,2,40.6800541742967,-73.9992703747163
4383,7,0,7,40.6783277048483,-73.9720267020851
4398,3,0,3,40.6757681066315,-73.9841957158948
4453,1,0,1,40.6770441326074,-74.0007183439199
4489,1,0,1,40.670042003431,-74.0018319796413
4547,3,0,3,40.6975420425449,-73.9831179408039
4571,1,0,1,40.6899990448213,-73.9633215220388
4714,24,0,24,40.6898307266879,-73.9786249358815
4753,17,0,17,40.6895610552546,-73.9671153905625
4754,1,0,1,40.6747127759371,-73.9689991855093
4823,1,0,1,40.6807917203312,-74.0010178399908
4842,7,0,7,40.6605774136225,-73.9906376527043
4883,8,0,8,40.6790470466089,-73.9786766984719
4951,6,0,6,40.6733987598457,-73.9827810915466
4956,1,0,1,40.6550367819266,-73.9784680385504
5117,7,0,7,40.6738917970786,-73.9999118369972
5139,9,0,9,40.6635897844769,-73.9910890677926
5190,6,0,6,40.6841814285923,-73.9839529273694
5210,8,0,8,40.666138227862,-73.9922358886377
5220,3,0,3,40.6850243300984,-73.9861191220013
5257,10,0,10,40.6764519429601,-73.9741091336148
5279,5,0,5,40.678681778093,-73.9976715705003
5465,7,0,7,40.692121255097,-73.9843409349821
5617,2,0,2,40.6968393433799,-73.9870623506496
5627,1,0,1,40.6963860264248,-73.97738952769
5652,14,0,14,40.6779986765132,-73.9730525162741
5663,13,0,13,40.6859457185089,-73.9941725783362
5684,8,0,8,40.6980048114289,-73.9747866385728
5687,8,0,8,40.669782450924,-73.9857953892765
5873,12,0,12,40.6936143337783,-73.9825112306479
5874,2,0,2,40.6848159922964,-73.9990806606614
5918,3,0,3,40.6920138953405,-73.9814862354706
5957,44,0,44,40.6886155545031,-73.9891681273894
6034,50,1,51,40.6909951536995,-73.9893203748875
6148,6,0,6,40.6936048032808,-73.992743660689
6234,5,0,5,40.6796294441688,-73.9782853478832
6241,3,0,3,40.6662956656109,-73.9820777058693
6331,9,0,9,40.6875351121433,-73.9774977800519
6394,5,0,5,40.6690530588311,-73.9930289893447
6430,13,1,14,40.683418142035,-73.9819924404977
6467,4,0,4,40.690666612661,-73.9853639190662
6542,21,0,21,40.6830554112998,-73.9737636553777
6666,1,0,1,40.6860962527486,-73.9963580846742
6845,23,0,23,40.6734879037214,-73.9729554848718
6859,3,1,4,40.6741460043447,-74.0060054662333
6864,2,0,2,40.6829092287797,-73.9847980526386
6887,7,0,7,40.6804665775552,-73.9613410919663
6890,9,1,10,40.681227499011,-73.9804747573826
6958,12,0,12,40.693047701321,-73.9907289605368
7021,1,0,1,40.6579896327238,-73.9969182423738
7187,5,0,5,40.6540672342046,-74.000995192459
7242,2,0,2,40.6508189005888,-73.9727310854499
7245,7,0,7,40.6895819224252,-73.9721359066234
7264,6,0,6,40.6929574142703,-73.9829846625677
7272,9,0,9,40.6621414925254,-73.9822303427087
7299,4,0,4,40.6791037944567,-73.9873928837779
7519,89,0,89,40.6888195617322,-73.9808794357968
7674,4,0,4,40.6854524963185,-73.9944080242995
7821,20,0,20,40.6851959519717,-73.9782741602849
7928,3,0,3,40.6745013609067,-73.9714297335229
8023,1,0,1,40.6790450327923,-73.9956713787369
8057,4,0,4,40.6807332032967,-73.9745039593145
8227,2,0,2,40.6527353540149,-73.976081628723
8283,26,0,26,40.6853236272441,-73.9807014269495
8362,4,0,4,40.6851001424276,-73.9945780677691
8371,1,0,1,40.6803531272557,-73.9647902010451
8408,34,0,34,40.6866820000104,-73.9793629763914
8529,6,0,6,40.687365125814,-73.9900350027276
8572,21,0,21,40.6632641530535,-73.995113506726
8632,7,0,7,40.6559889376739,-74.0026764558314
8707,2,0,2,40.6867135978043,-73.9790571080391
8969,1,0,1,40.6778332956045,-73.9882538291493
9108,2,0,2,40.6509081598611,-73.9717155599778
9273,28,0,28,40.6914576676934,-73.9873478747551
9363,3,0,3,40.6822813061091,-73.9852367249197
9458,10,0,10,40.6729880970761,-73.9688565778591
9604,16,0,16,40.680189365785,-73.9679538491692
9679,3,0,3,40.6950269410256,-73.9908034827046
9748,9,0,9,40.6751456850581,-73.9813261455451
9766,6,0,6,40.6675694945256,-73.9777169536113
9842,13,0,13,40.6931720241056,-73.970859337912
10048,6,0,6,40.6884082523811,-73.9865682220463
10060,1,0,1,40.6488228278844,-73.971559304474
10075,27,0,27,40.6878717429403,-73.9783470131128
10111,2,0,2,40.6669633082379,-73.9782126417628
10194,1,0,1,40.6741228715127,-73.9725268916651
10298,2,1,3,40.6475956804412,-73.9735039681569
10309,1,0,1,40.6609362214712,-73.9832371205289
10354,2,0,2,40.6756309487927,-74.0035020225607
10368,6,0,6,40.6679455114118,-73.9907249910787
10373,58,0,58,40.6703552132343,-73.9887101549097
10389,1,0,1,40.6841445622789,-73.9994005474968
10431,28,0,28,40.6870254047251,-73.9762058574088
10491,1,0,1,40.6563808585506,-73.9806528768064
10505,9,0,9,40.6903578563539,-73.9897328590901
10629,3,0,3,40.6918069598909,-73.9882070140922
10709,7,0,7,40.6732708244961,-73.9895110365051
10783,4,0,4,40.6721933061202,-73.9837862328299
10795,3,0,3,40.6825325726649,-73.9623528060776
10850,13,0,13,40.6898061934054,-73.9779394087253
10908,5,0,5,40.6854582343381,-73.972312495917
10918,1,0,1,40.6747573068124,-74.0105535033287
10930,2,0,2,40.6580698018009,-74.0076188858458
10947,2,0,2,40.6736944863899,-73.9671912929246
11012,4,0,4,40.6856604544477,-73.9856896925384
11170,8,0,8,40.6633496770534,-73.9982857229901
11222,7,0,7,40.6650284632955,-73.9864492895104
11268,4,0,4,40.6726311500682,-73.9700024457293
11276,3,0,3,40.6860645785941,-73.971433747278
11286,6,0,6,40.6639354592519,-73.9976745142616
11331,1,0,1,40.6506370761326,-73.9778328492239
11336,49,0,49,40.6869292850436,-73.9848293074182
11350,1,0,1,40.6557457187811,-73.9992565696359
11364,4,0,4,40.6789338428947,-73.9619564442302
11366,2,0,2,40.6728029497463,-74.0066499946336
11415,4,0,4,40.667022097653,-73.9748332757285
11431,2,0,2,40.6700290978369,-73.9723172095933
11608,2,0,2,40.6873970951338,-73.9957313466558
11633,4,0,4,40.6617340048634,-73.9607697023168
11634,5,1,6,40.6707905761445,-73.9948952244377
11644,11,0,11,40.6711752539847,-73.9746985726425
11755,3,0,3,40.6687697526994,-73.9767056230869
11798,1,0,1,40.688458734156,-73.9827147158506
11807,2,0,2,40.6576008176539,-73.9901884157472
11849,32,0,32,40.6655071820441,-73.992770006773
11855,5,0,5,40.6753018103269,-73.9666125480511
11961,15,0,15,40.6794190972757,-73.9682266442558
12015,16,0,16,40.6605093931496,-73.9628129855312
12113,6,0,6,40.6626811824551,-73.9850943574484
12147,21,0,21,40.6870908845702,-73.9765696294013
12209,3,0,3,40.6826704649049,-73.9718628458401
12241,2,0,2,40.6940743228974,-73.975983933769
12301,16,0,16,40.6959914846067,-73.9832121450441
12322,6,0,6,40.6851927102323,-73.9770274909718
12323,7,0,7,40.6809554553129,-73.9676782842348
12354,5,0,5,40.6879584032319,-73.991508770344
12364,6,0,6,40.6903454507676,-73.9920527146011
12497,1,0,1,40.6726423672782,-73.9696639405561
12519,8,1,9,40.662143222125,-73.9962804181134
12542,9,0,9,40.6895438200854,-73.9711427452808
12580,2,0,2,40.6757896457286,-74.0011660396367
12795,4,0,4,40.6758436726594,-73.9990391028863
12804,8,0,8,40.6650917481679,-73.983084644596
12823,14,0,14,40.6850773089249,-73.97789404547
13011,1,0,1,40.6793144274855,-73.989985331341
13063,3,0,3,40.6561426148699,-73.9772967525224
13174,2,0,2,40.6615394837977,-73.9827325233153
13311,13,0,13,40.6744334110364,-73.9669358499589
13318,15,0,15,40.6959646845084,-73.9703976424991
13355,11,0,11,40.6757783690518,-73.9808890231835
13378,5,0,5,40.6834731493392,-73.9997255617786
13447,18,0,18,40.6933417120905,-73.9668804199574
13461,10,0,10,40.6961857345838,-73.9764034159546
13498,5,0,5,40.6845894534384,-73.989128407523
13523,18,0,18,40.6754548439144,-73.9632628592763
13576,1,0,1,40.6469274038668,-73.9823093970185
13609,8,0,8,40.6727294592635,-73.9709140888258
13612,6,0,6,40.6760728969771,-73.977530896745
13637,3,0,3,40.6727951576462,-73.9692028081377
13671,3,0,3,40.6600107531098,-74.0017506761411
13704,15,0,15,40.6786391203792,-73.9735088340844
13721,10,0,10,40.6681032970049,-73.9805690799559
13739,23,0,23,40.6933608181606,-73.9758481580472
13740,1,0,1,40.6866044188943,-73.9938583333505
13741,2,0,2,40.675707377802,-73.9874786863966
13821,1,0,1,40.648605813196,-73.9727540102016
13835,51,0,51,40.6896901233195,-73.9923636703444
13839,3,0,3,40.6921544437395,-73.9934375988842
13844,3,0,3,40.6686420456201,-73.9834345095095
13878,2,0,2,40.6599127546969,-73.998599534821
13904,2,0,2,40.6862883074078,-73.9694893988964
13905,13,0,13,40.6776799984557,-73.9795980680372
13967,1,0,1,40.6622018324705,-73.9788547586696
14010,2,0,2,40.6810085220097,-73.9861038825552
14018,3,0,3,40.6552460965804,-73.9817956867122
14236,4,0,4,40.6803154547352,-73.9968864442723
14278,6,0,6,40.6744694200807,-74.001970047005
14374,6,0,6,40.6484697132149,-73.9783679111501
14473,2,0,2,40.6762710526805,-74.0031936433486
14569,9,0,9,40.6884420286598,-73.992966703847
14655,2,0,2,40.677689532974,-74.0004045957824
14669,9,0,9,40.686627032169,-73.9665292397193
14737,2,0,2,40.6867529058272,-73.9960411989814
14925,22,0,22,40.6808719052919,-73.9751431675682
14981,6,1,7,40.6815191768606,-73.9832643447636
15042,8,0,8,40.6795019491108,-73.9972825251325
15134,21,0,21,40.6601163303649,-73.960611014875
15145,7,0,7,40.6644016220176,-73.993930163985
15350,20,0,20,40.6886382434273,-73.9802576413644
15380,14,0,14,40.6754380179609,-73.977960000067
15535,1,0,1,40.6795859192935,-73.9650669434434
15554,7,0,7,40.6751747863925,-73.9846966440159
15666,29,0,29,40.6932532266817,-73.9730956884465
15801,23,0,23,40.6839556664075,-73.9895566258144
15853,5,0,5,40.6816162801112,-73.9985165605807
15876,8,0,8,40.6607898360545,-73.9940041912991
15932,10,0,10,40.6831267197114,-73.9874295743874
15964,5,0,5,40.6770784043681,-73.9863092684732
15989,1,0,1,40.6803726388602,-73.9865330296599
16040,26,0,26,40.6937205842733,-73.9904528662364
16156,2,0,2,40.6699733711643,-73.9756967397556
16158,1,0,1,40.6812171221291,-73.9886992038771
16177,8,0,8,40.6662322142357,-73.9854451798374
16253,2,0,2,40.6586907958284,-73.9890128662305
16362,4,0,4,40.659794493351,-73.9808747532348
16416,7,0,7,40.6600189040546,-73.9912167116673
16461,9,0,9,40.6932298623787,-73.9678435860631
16474,1,0,1,40.6524992286424,-73.9657512146239
16501,15,0,15,40.6624687442558,-73.9922549409222
16656,55,0,55,40.6904675129899,-73.9878920161184
16703,13,0,13,40.6598168639088,-73.9878405945525
16798,46,1,47,40.6922123434368,-73.9890018036142
16819,1,0,1,40.6656416622893,-73.9959952737922
16823,7,0,7,40.689731023371,-73.9901713882259
17004,44,2,46,40.684052286312,-73.9774572214131
17189,6,0,6,40.6980869473363,-73.9767864267832
17212,9,0,9,40.6891367440781,-73.9907066956152
17380,3,0,3,40.6651547537023,-73.9797204309186
17546,8,1,9,40.6783438254786,-73.9854292059888
17555,9,0,9,40.6687054401976,-73.9800685203842
17574,1,0,1,40.6583134038179,-74.0035194820548
17577,4,0,4,40.6947961273321,-73.9824535071743
17628,31,0,31,40.6848566151829,-73.9780428956525
17848,6,0,6,40.6737045074082,-73.9714391950645
17875,1,0,1,40.6540793657812,-73.977596348252
17892,16,0,16,40.6731991654017,-73.9763223344274
17897,24,1,25,40.6894675214971,-73.9691036250392
18008,1,0,1,40.6975063003245,-73.9822735432584
18103,4,0,4,40.6902921722701,-73.9844321632072
18105,15,0,15,40.6890968975775,-73.9926541941702
18147,3,0,3,40.6829573695931,-73.9978711444779
18156,22,0,22,40.6902394795511,-73.994360928104
18170,17,0,17,40.6661695176434,-73.9888092413146
18240,5,0,5,40.670989193118,-73.9847898709216
18274,29,0,29,40.6632850544959,-73.9609559547827
18308,3,0,3,40.6745729359184,-73.9852011804375
18387,2,0,2,40.697446274177,-73.9805092623829
18453,7,0,7,40.6744799969188,-73.9998757664503
18462,7,0,7,40.6723182689866,-73.977056291938
18466,25,1,26,40.6472971615173,-73.9802911550897
18510,5,0,5,40.6921576966557,-73.9852794145982
18535,2,0,2,40.675463238611,-73.9716184364068
18545,2,0,2,40.6870863755744,-73.9755899604274
18603,14,0,14,40.6931203828116,-73.9688098960398
18617,1,0,1,40.673926683311,-73.9687173315317
18712,14,0,14,40.6881746442553,-73.9839877759866
18713,15,0,15,40.6958468475547,-73.9673829632083
18782,1,0,1,40.6693721393002,-73.976200755274
18797,2,0,2,40.6979604494507,-73.9737987101537
18865,5,0,5,40.6705761414033,-73.9751961692292
18901,13,0,13,40.6855130822966,-73.9742815440292
19076,3,0,3,40.6771935181983,-74.0064916268894
19085,3,1,4,40.6603973807617,-73.9872320590814
19112,18,1,19,40.6802666161173,-73.9746911832326
19140,3,0,3,40.6558270809869,-73.9812222963028
19142,2,0,2,40.6521277284703,-73.9739999226597
19236,7,0,7,40.6899004142435,-73.9804294114563
19284,4,0,4,40.6799541112898,-73.9813291559692
19286,23,0,23,40.6896725885646,-73.9661349910846
19412,14,0,14,40.6783614170115,-73.979141428601
19422,4,0,4,40.6820104091957,-73.9686931990974
19560,32,0,32,40.6874484237802,-73.980111125513
19643,10,0,10,40.6837407917054,-73.995232408622
19879,4,0,4,40.6611546584385,-73.980171610644
19886,23,0,23,40.6925229886728,-73.9908190661983
19965,4,0,4,40.6845459921568,-73.9650824688997
20034,11,0,11,40.684129413187,-73.968991979382
20067,8,0,8,40.6871272297299,-73.9936042325272
20132,4,0,4,40.6948402143946,-73.9839188829581
20144,1,0,1,40.6712482247771,-73.9713252641371
20146,1,0,1,40.675492582661,-73.9675187486747
20153,4,0,4,40.6551861578411,-73.999837866341
20173,2,0,2,40.6918963882641,-73.9775449667908
20181,1,0,1,40.6728580233746,-73.9799168603125
20235,17,0,17,40.6747414879082,-73.9977697950727
20287,2,0,2,40.6833188436243,-73.9899919930927
20317,11,0,11,40.6909926366798,-73.9917417064314
20439,1,0,1,40.6775496842919,-73.9913698369996
20479,3,0,3,40.6821622060391,-73.9605951423503
20510,10,0,10,40.6666952149203,-73.9616162765539
20557,19,0,19,40.6896975086704,-73.9751056641424
20560,2,0,2,40.6742616122468,-73.9919945114697
20574,1,0,1,40.6627433729213,-73.981727996975
20620,4,0,4,40.6509655985324,-73.9769718115786
20654,10,0,10,40.6818574042707,-73.9800465503088
20731,10,0,10,40.6842049033959,-73.9680542185986
20789,2,0,2,40.6708612467158,-73.9915225611037
20844,7,0,7,40.6815626154642,-73.9665765027379
20903,4,0,4,40.695075765029,-73.9900911492423
20909,10,0,10,40.6901627292714,-73.9870998590555
20918,6,0,6,40.675400028632,-73.9974470277739
20966,3,0,3,40.6828559483297,-73.9727878190805
20991,2,0,2,40.6513984928682,-73.972534447384
21009,2,0,2,40.6698471382276,-73.9824284220286
21031,46,1,47,40.6835132316319,-73.9759502338688
21039,1,0,1,40.6828033563519,-74.0000486532
21229,5,0,5,40.6588094381451,-73.9817169658412
21244,5,0,5,40.6870895783816,-73.9625465737322
21292,10,0,10,40.6685783552627,-73.9867997720309
21308,15,1,16,40.6746254268986,-74.0077109287747
21356,7,0,7,40.6917556827816,-73.9665662850349
21367,5,1,6,40.6802647958171,-73.9778508810719
21384,9,0,9,40.6757610524002,-74.0013603581884
21387,4,0,4,40.6506946001816,-73.972116898521
21396,11,0,11,40.6650735752831,-73.9965586609636
21414,13,0,13,40.6554285970109,-74.0032583526192
21419,16,0,16,40.6727958758171,-73.9832819813734
21500,1,0,1,40.6714028027639,-73.994383667558
21517,7,0,7,40.687983690811,-73.9677874993873
21546,5,0,5,40.6879918368318,-73.9896124229485
21605,18,0,18,40.6649633438874,-73.9898147206394
21610,3,0,3,40.6843887551029,-73.9865630341727
21646,3,0,3,40.6845632881652,-73.9981657051363
21673,11,0,11,40.6667699405995,-73.9883066067446
21803,1,0,1,40.6571503527862,-73.9834386401537
22035,1,0,1,40.6788374597501,-73.9957939463999
22039,6,0,6,40.6638858843512,-73.9840888038601
22066,21,0,21,40.6837268125002,-73.9679605479813
22159,2,0,2,40.6875918766871,-73.964626638654
22206,27,1,28,40.6877731158013,-73.9870000148008
22248,5,0,5,40.6723146554425,-73.9992650976942
22453,8,0,8,40.6885710361429,-73.9910933952646
22487,4,0,4,40.6836288134596,-73.9975508812305
22530,1,0,1,40.6784682305884,-73.9878224912381
22562,5,0,5,40.649128673179,-73.9765964222399
22571,1,0,1,40.6530997729812,-73.9751363112898
22634,6,0,6,40.6810600437031,-73.9965279729835
22733,1,0,1,40.6488120380599,-73.9774870981462
22750,3,0,3,40.6945692263269,-73.9906654244168
22815,3,0,3,40.677286616953,-73.9625463542556
22828,5,0,5,40.6780643207067,-73.9761805129878
22848,4,0,4,40.6821331481663,-74.0003715961807
22884,6,0,6,40.6910770610268,-73.9863978563815
22942,18,0,18,40.6919208050906,-73.9789472318816
22965,2,0,2,40.6814347001907,-73.9614236644627
23011,5,0,5,40.6526392772451,-73.9726828853228
23162,3,0,3,40.6803700347904,-73.9947716325147
23187,6,0,6,40.6788181244621,-73.9653410325806
23229,1,0,1,40.6922008592708,-73.9628089369617
23258,5,0,5,40.6785163247998,-73.9639020213715
23274,7,0,7,40.6826939326443,-73.9904237424709
23285,4,0,4,40.6793774865799,-73.9926832096263
23329,18,2,20,40.6867445319181,-73.9655251132124
23365,8,0,8,40.687867349192,-73.9687849323973
23397,2,0,2,40.6958857119872,-73.9683755255825
23424,22,2,24,40.6714584665962,-73.9910230383909
23529,1,0,1,40.682269732444,-73.973956016952
23579,1,0,1,40.6981158297398,-73.9733109219553
23709,3,0,3,40.6979208380199,-73.9727947774166
23890,9,0,9,40.6857630532478,-73.9730731490278
23912,3,0,3,40.692277016513,-73.9881859431178
24036,3,0,3,40.6728569331075,-73.9990650123373
24129,12,0,12,40.6703852019875,-73.9852942136772
24224,12,1,13,40.679734823034,-73.9743104813482
24230,22,0,22,40.6828066332799,-73.9636635779101
24249,13,0,13,40.6882094228966,-73.9658220466965
24259,7,0,7,40.6846884492388,-73.9811322737821
24300,2,0,2,40.6577110908322,-73.9828531562529
24327,1,0,1,40.6841450714268,-73.9730278784451
24330,7,1,8,40.6667356914877,-73.9917304905769
24361,1,0,1,40.6627990148847,-73.9783494519852
24429,15,1,16,40.6895063078367,-73.9701315424048
24440,5,0,5,40.6702574159127,-73.9920245474816
24500,8,1,9,40.6682230877565,-73.9738252848865
24580,1,0,1,40.6616028654914,-73.9877402737744
24599,10,0,10,40.6715910923213,-73.9842886182315
24610,11,0,11,40.6572013783814,-74.0046733114904
24663,5,0,5,40.6576668680743,-74.0009238248212
24695,5,0,5,40.6809622211385,-73.9943720332125
24715,1,0,1,40.6748045153141,-73.9783903224879
24727,1,0,1,40.6586294826587,-74.0070419583614
24827,9,0,9,40.6830685350162,-73.9955574274717
24838,1,0,1,40.6725937228814,-73.9704128949398
25007,11,0,11,40.6641651609203,-73.99054502725
25039,20,0,20,40.6905611454433,-73.9851041197426
25108,7,0,7,40.6858848152516,-73.9733747515568
25118,30,1,31,40.6860864851139,-73.9826603226846
25199,6,0,6,40.6582310719978,-74.0003444434625
25224,5,0,5,40.6885547986306,-73.9628355891086
25325,6,0,6,40.6770599956717,-73.965974499992
25330,2,0,2,40.6638455650237,-73.9945088921287
25406,45,0,45,40.6631826058308,-73.9624501569604
25444,7,0,7,40.6822873295928,-73.9981921109794
25521,2,0,2,40.6546492606318,-73.9732662816806
25536,6,0,6,40.6757546328498,-73.9714229290468
25558,3,0,3,40.6802364119402,-73.9642365748121
25628,6,0,6,40.6585472155599,-73.9963356079531
25645,3,0,3,40.6644891855366,-73.9835856702605
25668,2,0,2,40.6716822214904,-73.9985162516753
25696,13,0,13,40.6776646167513,-73.9688594103316
25838,9,0,9,40.672942958698,-73.9674594527739
25847,19,0,19,40.665749419136,-73.9792249024047
25861,10,0,10,40.6816403435207,-73.9939134460127
25896,12,0,12,40.693619949708,-73.9640509800287
26028,5,0,5,40.6844302996259,-73.9660945706716
26049,7,0,7,40.6871907056015,-73.9746165714454
26063,4,0,4,40.6741710123044,-73.9788227798919
26283,1,0,1,40.6714930788773,-73.996363116177
26350,10,0,10,40.6763946527561,-73.9718859686295
26469,1,0,1,40.6774304926741,-73.9766155308545
26472,15,0,15,40.6890179770818,-73.9861553428699
26494,8,0,8,40.6722218253247,-73.9738197309863
26499,16,0,16,40.6655663369501,-73.9893127305795
26612,1,0,1,40.6732978716187,-74.0083413062721
26624,5,0,5,40.6696548697117,-73.9925265127995
26738,7,0,7,40.6603983851346,-73.9803723319399
26773,8,0,8,40.6602279337376,-73.9945879057558
26790,2,1,3,40.6728533920643,-73.9733854428906
26871,2,0,2,40.670348615401,-73.9974162701083
26876,7,0,7,40.6866468450614,-73.9798108445288
26913,10,0,10,40.6874151941858,-73.9726874600508
27049,1,0,1,40.6962970617461,-73.9785183479191
27166,3,0,3,40.6536672560533,-73.9786534769166
27213,1,0,1,40.6609496225661,-73.9795442248558
27228,2,0,2,40.6847798043322,-73.9630720466214
27267,3,0,3,40.6582705932893,-73.9822750296667
27353,3,0,3,40.6878191771263,-73.9626932818991
27410,5,0,5,40.6852246177289,-73.9887115608815
27445,12,0,12,40.6577590704666,-74.0040997854333
27447,3,0,3,40.6820583047644,-73.9908666399591
27486,12,0,12,40.6960870053552,-73.9734355771035
27502,16,0,16,40.6808528582511,-73.9774545756973
27614,13,0,13,40.6854055827599,-73.9752432237828
27711,12,0,12,40.6829091911231,-73.993051932552
27767,5,0,5,40.69600874972,-73.9714254638929
27888,3,0,3,40.6977028729226,-73.9853184643663
28075,18,0,18,40.6831311017216,-73.9791897175886
28165,8,0,8,40.6587968729037,-73.9997749138366
28220,5,0,5,40.6746018820145,-73.9817748276008
28286,3,0,3,40.6844302379536,-73.9949011359801
28302,9,0,9,40.661033979456,-73.9974263709572
28387,9,0,9,40.6592512113415,-73.9884313522499
28523,3,0,3,40.6611197362554,-74.000601085455
28643,3,0,3,40.6960499326943,-73.9850820503296
28675,11,0,11,40.669751222653,-73.989212001335
28755,40,0,40,40.6691726655289,-73.9863042919237
28853,2,0,2,40.6948851425216,-73.9851430605282
28931,2,0,2,40.6876382829968,-73.9707636609393
28947,16,0,16,40.6616906338803,-73.9614291698008
29022,48,0,48,40.6817682564225,-73.967530962306
29027,8,0,8,40.6477261417641,-73.976335355049
29137,3,0,3,40.6734705383964,-73.9983880708082
29153,1,0,1,40.6583374094546,-73.9929640204194
29169,1,0,1,40.682908956075,-73.959784428884
29191,2,0,2,40.6842977708703,-73.9972268498934
29201,3,0,3,40.6917076090985,-73.9735401856691
29230,13,0,13,40.6896998190445,-73.9829568439317
29322,2,0,2,40.6719335061146,-73.9762630812787
29344,6,0,6,40.675731324543,-73.9745963653006
29345,13,0,13,40.6619084808364,-73.992838306217
29450,9,0,9,40.6916794882015,-73.972553423653
29451,3,0,3,40.6764887083665,-73.9987281946997
29459,7,0,7,40.6737010952294,-74.0044320490194
29531,19,1,20,40.6824933227843,-73.9796152975754
29583,1,0,1,40.6515917321307,-73.981109118845
29677,3,0,3,40.6711124128451,-73.9780603745123
29685,4,0,4,40.6944120842081,-73.9760515349447
29701,5,0,5,40.679825046098,-73.9951385921412
29766,9,0,9,40.6717149866784,-73.9775578180799
29805,27,0,27,40.6767851697154,-73.9691775815417
29865,5,0,5,40.6740001471835,-73.982276869518
29935,3,0,3,40.6568646876081,-73.9980910026703
29957,3,0,3,40.6471816721639,-73.981328876495
30003,9,0,9,40.6721597305425,-73.9872092224538
30114,6,0,6,40.6916437821535,-73.9675312282301
30133,6,0,6,40.6693129744357,-73.9795633258731
30195,7,0,7,40.6777088813976,-73.9858601637255
30409,4,0,4,40.6634017689656,-73.9778427507977
30474,6,0,6,40.675101659051,-74.0016827696166
30491,3,0,3,40.6605616764555,-74.0011879592508
30569,1,0,1,40.6793327756102,-73.9753219269789
30696,4,0,4,40.6896625829825,-73.9741090543478
30725,51,1,52,40.6961949762972,-73.9887608387631
30736,18,0,18,40.6934330725608,-73.9659053815793
30796,43,1,44,40.6844233416597,-73.9783886260887
30821,1,0,1,40.6959387024766,-73.9823900226015
30853,9,0,9,40.6893580094896,-73.9820973798439
30999,7,0,7,40.6852934816915,-73.9762006789222
31085,1,0,1,40.6878841649379,-73.9954967971967
31310,8,0,8,40.6594960751195,-73.9605580941837
31425,25,0,25,40.6931342438071,-73.9698311856925
31494,8,0,8,40.6897365229965,-73.976101955276
31557,4,1,5,40.6726688208522,-73.9900138395611
31564,13,0,13,40.6614689550539,-73.9861227819541
31582,6,0,6,40.6873026108626,-73.9736481781083
31601,3,0,3,40.6571078720991,-74.0015098505715
31629,7,0,7,40.6770780020962,-73.9736869573373
31658,50,1,51,40.6899316879106,-73.9814816957928
31680,1,0,1,40.6863984455269,-73.9972774175391
31682,3,0,3,40.6611386473483,-73.9900521648792
31812,8,0,8,40.6764140401196,-74.0010282302992
31823,1,0,1,40.6930354662978,-73.9842920951412
31928,37,0,37,40.6825086121438,-73.9763162846233
31957,1,0,1,40.6663612633105,-73.9787146253124
32002,14,0,14,40.685027486769,-73.9712392210916
32004,1,0,1,40.6590132880759,-73.9850867931596
32037,1,0,1,40.6684508143219,-73.9935306763107
32106,7,0,7,40.6959244092763,-73.9693677395674
32131,12,0,12,40.6646063810831,-73.976845167952
32225,10,0,10,40.6767778330637,-73.9834710717456
32271,12,0,12,40.6818356297058,-73.9758340576177
32279,9,0,9,40.6822742727462,-73.9934805050596
32349,7,0,7,40.6778786294872,-74.0024351260084
32365,3,0,3,40.6778660183175,-73.9980676321457
32439,3,0,3,40.6845910825999,-73.9701646306642
32459,14,0,14,40.6915635593547,-73.9695211519562
32486,5,0,5,40.68629386549,-73.9790906576877
32562,7,0,7,40.6859533304043,-73.9723983263956
32577,1,0,1,40.649583045438,-73.9751944606383
32614,1,1,2,40.6544327384582,-73.9790827182813
32638,26,0,26,40.6887859533013,-73.9835726147043
32733,6,0,6,40.6892458079065,-73.9887214681911
32784,1,0,1,40.6805690852205,-74.0011220014875
32859,7,0,7,40.6841783203248,-73.9921916165257
32999,5,0,5,40.6625634239366,-73.9608723390481
33052,23,0,23,40.6753608543207,-73.9696931759681
33061,11,1,12,40.6733919667778,-73.9696916599254
33158,16,0,16,40.6949616957109,-73.98716132867
33179,5,0,5,40.6475259911819,-73.9781907441319
33293,10,0,10,40.6901430788122,-73.9840703409906
33313,5,0,5,40.676405341228,-73.9628644423467
33347,2,0,2,40.6816420708182,-73.9856718415131
33461,1,0,1,40.6773554735662,-74.0044554277403
33477,9,1,10,40.6691459365013,-73.9897183448415
33679,9,0,9,40.6476937438939,-73.9803633467507
33891,1,0,1,40.6802453702134,-73.9841387801677
33924,8,0,8,40.6921947944401,-73.9862723167047
33971,1,0,1,40.6709585918412,-73.9882073927651
33998,5,0,5,40.6912376997456,-73.9821231237299
34089,1,0,1,40.6797621114022,-74.0052210512489
34118,5,0,5,40.686517787994,-73.9674930416024
34119,39,0,39,40.683039717828,-73.9647785266354
34244,2,0,2,40.677438659271,-73.9964722852671
34267,3,0,3,40.6639503328837,-73.9807235280913
34331,1,0,1,40.6569118091044,-73.9766565663174
34352,4,0,4,40.6532635791551,-73.9638116586199
34375,31,0,31,40.6915965803687,-73.9914482545059
34462,19,0,19,40.6932098537202,-73.9718726197507
34524,3,0,3,40.6622471748051,-73.9888815971724
34532,9,0,9,40.677526310186,-73.9637085395792
34566,14,0,14,40.6765470515738,-73.9635286243719
34592,11,0,11,40.6934381390972,-73.9778267944572
34614,2,0,2,40.6495240870349,-73.9807117466355
34671,2,0,2,40.6514368406279,-73.9757984731581
34713,6,0,6,40.6824943255203,-73.9878562850595
34720,1,0,1,40.6504120524732,-73.9737743014242
34808,12,0,12,40.6726041536998,-73.9933790613142
34941,1,0,1,40.6645516123269,-73.9802217123142
34972,4,0,4,40.6908972615188,-73.9940455882445
35014,14,0,14,40.6932865594088,-73.9738547244616
35051,8,0,8,40.6779390382927,-73.9656586274298
35070,6,0,6,40.6935076907339,-73.9649812581962
35090,3,0,3,40.6835437116007,-73.9926229260743
35168,12,1,13,40.6668883248012,-73.9815818001846
35202,3,0,3,40.6861745852843,-73.970470299958
35231,5,0,5,40.6622438187233,-73.9994373391739
35326,10,0,10,40.6868192171002,-73.9781981251441
35350,4,0,4,40.6793192613634,-73.9817698072962
35359,5,0,5,40.6786792088526,-73.9821983117547
35419,5,0,5,40.6563068616011,-73.9986704151363
35609,6,0,6,40.6596695223124,-73.9951689021977
35658,1,0,1,40.6722563666908,-73.9804184694197
35670,3,0,3,40.6638232274528,-73.9874531621826
35722,2,0,2,40.6863520182326,-73.9623980029817
35755,4,0,4,40.6789776243123,-73.9849987725827
35790,4,0,4,40.6875643867702,-73.9843992739524
35874,1,0,1,40.6747583152068,-73.972095711661
35919,4,0,4,40.6882263085064,-73.9953332587413
35949,5,0,5,40.6799156211133,-73.9749310591962
35964,2,0,2,40.6880887131643,-73.96682069536
35977,18,0,18,40.6823751425423,-73.9616101494155
36019,14,0,14,40.6963798169262,-73.9801997532252
36071,46,0,46,40.693488322978,-73.9791671841898
36075,2,0,2,40.6734605414026,-73.9794151342587
36103,5,0,5,40.6848162659809,-73.9835219924726
36124,22,0,22,40.6898694253567,-73.9883004736194
36203,11,1,12,40.6894522659949,-73.9680778731907
36222,3,0,3,40.6593554156609,-73.99918679329
36265,16,0,16,40.6785430544866,-73.9685421431723
36266,45,0,45,40.6811157839307,-73.9644067098667
36272,1,0,1,40.6731822391376,-74.0026081095969
36314,9,0,9,40.6898630000337,-73.9795102973741
36345,4,0,4,40.6672534061151,-73.9945434007858
36647,1,0,1,40.6500514089539,-73.9719089032608
36688,14,0,14,40.6679754174013,-73.9873008601675
36734,5,0,5,40.6780483804487,-73.9826306576591
36739,1,0,1,40.6738454646956,-74.0102398006292
36744,50,0,50,40.6920934117622,-73.9825539768176
36799,2,0,2,40.6818623851279,-73.9882718920032
36818,8,0,8,40.6781662077927,-73.9622284124793
36893,1,0,1,40.6899864809062,-73.9827672016529
36992,5,0,5,40.6656306600759,-73.9859477299186
37048,1,0,1,40.6851084782362,-73.9602211852465
37094,6,0,6,40.6767071891133,-73.9771023070705
37106,11,0,11,40.6915448038603,-73.968492731183
37169,3,0,3,40.697885068109,-73.9718079411846
37188,12,0,12,40.6864028629654,-73.9684913764346
37256,6,0,6,40.688914565951,-73.9950012196438
37331,1,0,1,40.6869768459171,-73.9635083571995
37338,1,0,1,40.6784201661567,-74.0000548007386
37341,4,0,4,40.6972800066739,-73.9870404356777
37351,3,0,3,40.6710516000349,-73.98142494762
37355,9,0,9,40.6858686949611,-73.9882889673485
37377,4,0,4,40.6875279945948,-73.9717266558442
37383,3,0,3,40.6751211163176,-74.0096117286576
37395,2,0,2,40.6760671983254,-74.0050809192843
37439,3,0,3,40.6800828591576,-73.9713941511591
37482,18,0,18,40.6897823576324,-73.9651876905799
37493,10,0,10,40.6752005631732,-73.9993516964108
37538,16,0,16,40.6827805662301,-73.9824163823579
37544,11,0,11,40.6897729342731,-73.9770980213237
37583,1,0,1,40.6715598381481,-73.9754940124815
37617,9,0,9,40.6825942655675,-73.962644401856
37672,2,0,2,40.6609298639619,-73.9866817075514
37789,4,0,4,40.6761797289178,-73.9662955809684
37935,2,0,2,40.6983745149536,-73.983055175251
38363,14,0,14,40.6752371125677,-73.9710491908425
38466,3,0,3,40.6720660847021,-73.9905172723138
38600,2,0,2,40.6603126676031,-74.0053010265899
38630,2,0,2,40.6826909100583,-73.9616708638279
38660,8,0,8,40.6616990408823,-73.9894700009074
38712,71,0,71,40.6936579268743,-73.9836446272644
38850,1,0,1,40.6581340602724,-73.9895923821272
38881,6,0,6,40.673827742898,-73.9758885378515
38902,1,0,1,40.6930883129593,-73.9862259565729
38927,10,0,10,40.6963025273135,-73.9754427978034
39128,4,0,4,40.6769463580114,-73.9918716266536
39133,8,0,8,40.6685463385118,-73.9902185127293
39173,10,0,10,40.6705120253814,-73.9785599987246
39192,1,0,1,40.6579357514817,-73.980267543457
39260,2,0,2,40.6988320491262,-73.9799480566112
39266,14,0,14,40.6882540485797,-73.9792854298652
39275,3,0,3,40.6800931206491,-73.9922003335013
39276,11,0,11,40.6823949535498,-73.9958811031682
39296,7,0,7,40.6799456771761,-73.9895588388152
39558,10,0,10,40.6661587344003,-73.9953071649362
39565,2,0,2,40.6911803951823,-73.9950680701389
39615,4,0,4,40.6846678596481,-73.9640330028857
39656,3,0,3,40.6865034404779,-73.9878588672734
39774,4,0,4,40.6766942951997,-73.9968279462859
39851,3,0,3,40.6688249229146,-73.973322843528
39895,3,0,3,40.6817234244112,-73.9962084628337
39918,13,0,13,40.687329802125,-73.9818167756897
39939,4,0,4,40.6689152744027,-73.9965876113131
39963,3,0,3,40.6588730777319,-74.0029305226835
40031,2,0,2,40.6818688858747,-73.9634740094484
40045,1,0,1,40.6929773875645,-73.9825174752632
40166,36,0,36,40.6680308125951,-73.9839430232894
40168,6,0,6,40.6869186388212,-73.9773613521701
40170,5,0,5,40.6916406608339,-73.9715597212361
40190,10,0,10,40.6630286796793,-73.9916727484296
40204,1,0,1,40.6975776899766,-73.9840440965875
40240,12,0,12,40.6477959183717,-73.9749574615848
40306,6,0,6,40.6699101693599,-73.9790628809729
40309,2,0,2,40.6916018647402,-73.970549326872
40375,8,0,8,40.6761478902704,-73.983896454014
40426,1,0,1,40.6658150801194,-73.9758313233589
40434,5,0,5,40.6920869392464,-73.9834027752915
40443,9,0,9,40.682972214326,-73.9766665939412
40576,1,0,1,40.6581160241595,-73.9756526135794
40760,17,0,17,40.6961210413401,-73.9744183377471
40807,11,0,11,40.6854484065376,-73.9913324979033
40844,3,0,3,40.6808503617125,-73.971118530948
40973,5,0,5,40.6601374885385,-73.9839179265609
41004,13,0,13,40.6848131526169,-73.9917617774241
41087,4,0,4,40.6961775162353,-73.9803568284158
41128,2,0,2,40.6556439394207,-73.9735549399563
41173,3,0,3,40.6701952654918,-73.9953918334108
41180,7,0,7,40.6883256802056,-73.9648095803911
41251,6,0,6,40.6588990156933,-73.992383395153
41295,57,0,57,40.6961259259522,-73.987103295865
41299,19,0,19,40.6863096940229,-73.9744399563947
41536,2,0,2,40.6539949724976,-73.9641466629243
41567,5,0,5,40.6673365062691,-73.9912355572458
41673,8,0,8,40.6960474425002,-73.9724428410841
41808,9,0,9,40.6815046391096,-73.9742267134626
41907,6,0,6,40.6821489631165,-73.9828543603298
41989,4,0,4,40.6620801247159,-73.9855957249403
42024,4,0,4,40.665886632157,-73.9963987583012
42032,5,0,5,40.6791481992519,-74.0036447010353
42085,5,0,5,40.6980477294328,-73.9757827588153
42093,1,0,1,40.6668338201497,-73.9849423250222
42156,16,0,16,40.6744662899842,-73.9754667936202
42206,6,0,6,40.6574284718617,-73.9975014465951
42241,2,0,2,40.6574788684031,-73.9795126643737
42333,6,0,6,40.6793785668333,-73.96407263039
42403,7,0,7,40.6752991155381,-74.0099211561762
42529,2,0,2,40.6808802271146,-73.9837113974459
42555,22,0,22,40.6764124124959,-73.9804600297818
42592,7,0,7,40.6678482534675,-73.9940355473905
42618,42,0,42,40.6922340756318,-73.9872989490796
42622,3,0,3,40.6797022052056,-73.9616799862744
42664,8,0,8,40.6805931734557,-73.9808895182293
42727,2,0,2,40.654628701159,-74.0004131821269
42769,1,0,1,40.6695924444136,-73.9958956719673
42842,7,0,7,40.6792051606796,-73.9717094727289
42882,8,0,8,40.6868653390211,-73.9644698291816
42922,2,0,2,40.659457881176,-73.9917996977776
42935,10,0,10,40.6613489528014,-73.9934208929943
42987,6,0,6,40.6859582544838,-73.9802718023577
43009,2,0,2,40.6535017604591,-73.9762275685683
43063,3,0,3,40.6565491102925,-74.0020928863498
43075,18,0,18,40.6649576742259,-73.9933507915333
43166,4,0,4,40.6531894046784,-73.9662132208021
43222,11,0,11,40.6673735851581,-73.9878039152305
43240,6,0,6,40.6832672268645,-73.9658647173868
43278,2,0,2,40.6666676360155,-73.9949650310492
43341,5,0,5,40.661680084297,-74.0000236768005
43385,3,1,4,40.6796123401178,-73.9845691232955
43389,1,0,1,40.6728690305928,-73.9754770914169
43447,3,0,3,40.6850016000127,-73.9611547864458
43452,4,0,4,40.6828016671338,-73.9607180120627
43775,1,0,1,40.6704486408622,-73.9819268977061
43825,4,0,4,40.6681680846026,-73.9772077034844
43843,4,0,4,40.6727643002067,-73.9867043709901
43855,5,0,5,40.671553783971,-73.9877125511466
43861,5,0,5,40.6692449574082,-73.9829321739096
43901,13,0,13,40.6739746903957,-73.9856988197972
43943,5,0,5,40.6716546110367,-73.9809231788597
43987,3,0,3,40.689922170599,-73.983509821865