<?xml version="1.0" encoding="UTF-8"?>
<metadata xml:lang="en"><Esri><CreaDate>20150905</CreaDate><CreaTime>15034900</CreaTime><ArcGISFormat>1.0</ArcGISFormat><SyncOnce>TRUE</SyncOnce><DataProperties><lineage><Process ToolSource="c:\program files (x86)\arcgis\desktop10.2\ArcToolbox\Toolboxes\Data Management Tools.tbx\Project" Date="20141025" Time="192506">Project TAZ986NAD83 C:\Users\mdo\Desktop\MIT\MIT_Fall2014\Thesis\Data\General_ArcFiles\General.gdb\TAZ_986 PROJCS['NAD_1983_StatePlane_Massachusetts_Mainland_FIPS_2001',GEOGCS['GCS_North_American_1983',DATUM['D_North_American_1983',SPHEROID['GRS_1980',6378137.0,298.257222101]],PRIMEM['Greenwich',0.0],UNIT['Degree',0.0174532925199433]],PROJECTION['Lambert_Conformal_Conic'],PARAMETER['False_Easting',200000.0],PARAMETER['False_Northing',750000.0],PARAMETER['Central_Meridian',-71.5],PARAMETER['Standard_Parallel_1',41.71666666666667],PARAMETER['Standard_Parallel_2',42.68333333333333],PARAMETER['Latitude_Of_Origin',41.0],UNIT['Meter',1.0]] # PROJCS['NAD_1983_StatePlane_Massachusetts_Mainland_FIPS_2001_Feet',GEOGCS['GCS_GRS_1980',DATUM['D_GRS_1980',SPHEROID['GRS_1980',6378137.0,298.257222101]],PRIMEM['Greenwich',0.0],UNIT['Degree',0.0174532925199433]],PROJECTION['Lambert_Conformal_Conic'],PARAMETER['False_Easting',656166.665808],PARAMETER['False_Northing',2460625.0],PARAMETER['Central_Meridian',-71.5],PARAMETER['Standard_Parallel_1',42.68333333333333],PARAMETER['Standard_Parallel_2',41.71666666666667],PARAMETER['Latitude_Of_Origin',41.0],UNIT['Foot_US',0.30480061]]</Process></lineage><itemProps><itemLocation><linkage Sync="TRUE">file://\\psf\Home\Documents\ArcGIS\Default.gdb</linkage><protocol Sync="TRUE">Local Area Network</protocol></itemLocation></itemProps></DataProperties></Esri></metadata>
