Z,DtaMerge_base,DtaMerge_1ft,DtaMerge_2ft,DtaMerge_3ft,DtaMerge_4ft,DtaMerge_5ft,DtaMerge_6ft
1.0,0.994,0.92379,0.89436,0.75761,0.67977,0.37605,0.0
2.0,0.9943,0.93275,0.90303,0.8531,0.74441,0.56823,0.0
3.0,0.99493,0.92833,0.90086,0.85262,0.73514,0.55729,0.00086
4.0,0.99512,0.93166,0.90218,0.85709,0.73552,0.55602,0.00084
5.0,0.99427,0.93216,0.90224,0.85863,0.73322,0.0,0.0
6.0,0.99459,0.93589,0.90385,0.85616,0.73928,0.0,0.0
7.0,0.54123,0.05295,0.0018,0.00176,0.00169,0.0,0.0
8.0,0.99427,0.93679,0.906,0.85917,0.75675,0.58781,0.04904
9.0,0.99518,0.93755,0.91004,0.85918,0.77168,0.58149,0.0
10.0,0.99291,0.93639,0.90881,0.86075,0.77038,0.58372,0.0
11.0,0.98786,0.92555,0.89781,0.86058,0.72848,0.57576,0.04669
12.0,0.98786,0.92655,0.89978,0.86201,0.73345,0.57365,0.04669
13.0,0.99567,0.93833,0.9152,0.85778,0.47634,0.0,0.0
14.0,0.99526,0.93728,0.91009,0.86018,0.7681,0.64065,0.04939
15.0,0.99564,0.93811,0.91213,0.86383,0.77609,0.65109,0.04962
16.0,0.99436,0.9333,0.90581,0.86368,0.75536,0.61723,0.04863
17.0,0.99535,0.93516,0.90788,0.86437,0.75771,0.57787,0.0
18.0,0.99427,0.9353,0.9068,0.86366,0.75701,0.6132,0.04843
19.0,0.99512,0.93494,0.90765,0.85711,0.7621,0.64799,0.04909
20.0,0.991,0.93116,0.90436,0.8594,0.75523,0.63224,0.04497
21.0,0.98832,0.93104,0.90344,0.85766,0.75775,0.62061,0.04229
22.0,0.99011,0.9327,0.90596,0.85945,0.75993,0.6224,0.04408
23.0,0.99503,0.93784,0.91035,0.86573,0.77093,0.64744,0.04847
24.0,0.99474,0.93455,0.90727,0.85846,0.75588,0.5661,0.0
25.0,0.99201,0.93267,0.90454,0.85698,0.75206,0.38374,0.04832
26.0,0.99421,0.93545,0.90674,0.85902,0.75658,0.60055,0.04822
27.0,0.99394,0.93495,0.90559,0.85695,0.75534,0.6033,0.04863
28.0,0.9919,0.93693,0.90784,0.85671,0.75522,0.6112,0.04587
29.0,0.9919,0.93601,0.90443,0.85671,0.75426,0.60556,0.04587
30.0,0.99205,0.93697,0.90541,0.85506,0.75442,0.59097,0.04602
31.0,0.99257,0.9345,0.90453,0.85433,0.75769,0.5849,0.04602
32.0,0.99555,0.93766,0.90856,0.86187,0.76304,0.59716,0.04829
33.0,0.99514,0.93817,0.91046,0.85982,0.76443,0.6234,0.04858
34.0,0.99185,0.93343,0.90559,0.85496,0.75934,0.60507,0.04459
35.0,0.99339,0.93452,0.90874,0.85882,0.76989,0.62108,0.04613
36.0,0.99721,0.93946,0.91192,0.86521,0.77731,0.65606,0.04997
37.0,0.99339,0.93409,0.9081,0.85967,0.77126,0.62851,0.04613
38.0,0.99237,0.93768,0.91457,0.87463,0.79609,0.73055,0.05279
39.0,0.99578,0.93926,0.9169,0.87266,0.796,0.41172,0.0
40.0,0.99533,0.93881,0.91455,0.86697,0.78921,0.67574,0.04809
41.0,0.994,0.93667,0.91072,0.86029,0.77481,0.62186,0.0
42.0,0.99505,0.93953,0.91569,0.87089,0.78999,0.67817,0.04844
43.0,0.99671,0.93816,0.91255,0.52515,0.0,0.0,0.0
44.0,0.99594,0.93647,0.53186,0.5234,0.0,0.0,0.0
45.0,0.99438,0.93477,0.90931,0.85473,0.75808,0.0,0.0
46.0,0.99572,0.94002,0.91792,0.87797,0.79721,0.72275,0.05543
47.0,0.99491,0.94022,0.91697,0.8789,0.79941,0.73272,0.05677
48.0,0.99481,0.93677,0.91499,0.87365,0.776,0.4221,0.0
49.0,0.99563,0.94067,0.91967,0.88029,0.80177,0.7776,0.36562
50.0,0.99148,0.93678,0.91368,0.87282,0.79519,0.73753,0.05279
51.0,0.99429,0.9396,0.91634,0.8798,0.80163,0.76921,0.0
52.0,0.99588,0.94175,0.91934,0.88363,0.8054,0.78331,0.61739
53.0,0.99259,0.93883,0.91728,0.8807,0.80519,0.78606,0.62934
54.0,0.99259,0.93883,0.91781,0.88066,0.80552,0.78631,0.64017
55.0,0.99641,0.94265,0.9222,0.8836,0.80886,0.78771,0.65597
56.0,0.9959,0.94214,0.9228,0.88765,0.8145,0.79446,0.68388
57.0,0.99468,0.94126,0.91936,0.88278,0.80613,0.78665,0.64508
58.0,0.99606,0.94164,0.92239,0.88628,0.8128,0.79103,0.69022
59.0,0.99607,0.94209,0.91814,0.88033,0.80025,0.73627,0.0
60.0,0.99614,0.94172,0.91943,0.88358,0.80541,0.78166,0.64703
61.0,0.99641,0.94199,0.92274,0.88655,0.81228,0.78826,0.69718
62.0,0.99638,0.9407,0.91671,0.87083,0.78949,0.65832,0.0
63.0,0.99659,0.94089,0.91672,0.87182,0.79576,0.6994,0.0
64.0,0.99575,0.94015,0.9178,0.87516,0.80145,0.74936,0.0
65.0,0.99558,0.93889,0.92211,0.88554,0.81034,0.77742,0.0
66.0,0.99482,0.9373,0.91517,0.86577,0.79185,0.70059,0.0
67.0,0.9943,0.93697,0.91634,0.87288,0.79783,0.74561,0.0
68.0,0.99344,0.93606,0.91746,0.87781,0.80081,0.75069,0.0
69.0,0.99185,0.90302,0.83982,0.64315,0.00399,0.00027,0.00013
70.0,0.99369,0.91438,0.85735,0.66601,0.00394,0.0,0.0
71.0,0.99428,0.9145,0.85287,0.67678,0.0043,0.00124,0.00089
72.0,0.99387,0.91378,0.84859,0.6623,0.00443,0.00131,0.0009
73.0,0.99256,0.91319,0.84071,0.66481,0.00432,0.00106,0.00071
74.0,0.99301,0.90475,0.83549,0.66243,0.00455,0.00124,0.00108
75.0,0.99376,0.91472,0.8507,0.65619,0.00432,0.00164,0.00137
76.0,0.98739,0.88454,0.80197,0.62484,0.00439,0.00107,0.00089
77.0,0.99392,0.91383,0.84861,0.65059,0.00392,0.00062,0.00047
78.0,0.98921,0.90032,0.82453,0.66309,0.02225,0.00123,0.00085
79.0,0.98515,0.8863,0.80149,0.65583,0.0258,0.00128,0.0
80.0,0.92557,0.76692,0.66492,0.00032,0.00027,0.0,0.0
81.0,0.99278,0.89652,0.87014,0.70534,0.47793,0.2875,0.00275
82.0,0.99347,0.90699,0.87986,0.73853,0.51172,0.34915,0.00225
83.0,0.99193,0.89123,0.86266,0.71734,0.50048,0.32399,0.00257
84.0,0.99251,0.89114,0.86333,0.75077,0.53412,0.33518,0.0024
85.0,0.99426,0.91661,0.87456,0.74422,0.60137,0.35329,0.00333
86.0,0.99329,0.89518,0.8616,0.77133,0.61932,0.58825,0.52095
87.0,0.99477,0.93958,0.92123,0.8952,0.48597,0.44055,0.0
88.0,0.99223,0.93817,0.9195,0.9016,0.84858,0.80789,0.75014
89.0,0.99447,0.93706,0.9225,0.88895,0.82599,0.80161,0.72011
90.0,0.99459,0.93809,0.92235,0.88775,0.81738,0.7983,0.69706
91.0,0.99378,0.93851,0.92391,0.89851,0.84167,0.78596,0.00083
92.0,0.99367,0.93839,0.92372,0.90303,0.84986,0.43973,0.38494
93.0,0.99447,0.93955,0.92437,0.89749,0.83053,0.80586,0.74746
94.0,0.99171,0.93758,0.92366,0.89964,0.84292,0.80735,0.74871
95.0,0.98792,0.93412,0.91985,0.89613,0.83853,0.8045,0.74511
96.0,0.99084,0.93568,0.91865,0.89904,0.8419,0.80776,0.74803
97.0,0.99177,0.93762,0.91907,0.90124,0.84283,0.80869,0.74895
98.0,0.99345,0.9393,0.92175,0.90505,0.85035,0.8135,0.75098
99.0,0.99268,0.93655,0.92125,0.8979,0.84101,0.80908,0.75098
100.0,0.99289,0.93707,0.92023,0.89866,0.841,0.81018,0.75207
101.0,0.9943,0.93926,0.92033,0.90801,0.85828,0.82173,0.76075
102.0,0.99607,0.94324,0.929,0.48004,0.0,0.0,0.0
103.0,0.99234,0.93776,0.53201,0.52616,0.488,0.0,0.0
104.0,0.99428,0.94197,0.93102,0.91557,0.86983,0.82425,0.76356
105.0,0.99314,0.94083,0.92988,0.91416,0.86869,0.82395,0.7614
106.0,0.99251,0.94118,0.92841,0.91215,0.8645,0.82162,0.76467
107.0,0.99183,0.93962,0.9209,0.90832,0.85684,0.8185,0.76263
108.0,0.99022,0.93871,0.92064,0.90976,0.86193,0.82072,0.76494
109.0,0.99043,0.93968,0.92012,0.90798,0.86156,0.82041,0.76444
110.0,0.98932,0.93714,0.9205,0.90893,0.86102,0.82031,0.76557
111.0,0.98794,0.93735,0.92115,0.912,0.86517,0.8224,0.7671
112.0,0.98756,0.93686,0.92265,0.916,0.87512,0.8266,0.77247
113.0,0.9853,0.93679,0.92106,0.91545,0.87207,0.82668,0.77205
114.0,0.98454,0.93691,0.92037,0.91245,0.86289,0.82253,0.76591
115.0,0.99355,0.93446,0.91561,0.86337,0.79466,0.76029,0.70306
116.0,0.99481,0.93743,0.92324,0.88571,0.8105,0.79113,0.7313
117.0,0.99418,0.93679,0.92286,0.88783,0.81488,0.79098,0.7347
118.0,0.99299,0.93613,0.92322,0.88872,0.81903,0.79528,0.74104
119.0,0.99285,0.93223,0.9144,0.86444,0.80038,0.77669,0.72192
120.0,0.99503,0.93445,0.91827,0.87339,0.80794,0.78451,0.72614
121.0,0.99012,0.92923,0.91343,0.85989,0.7867,0.76378,0.70529
122.0,0.99123,0.93208,0.9178,0.86784,0.80147,0.77762,0.7226
123.0,0.99079,0.93219,0.91606,0.87145,0.80762,0.78379,0.72516
124.0,0.99195,0.93374,0.91919,0.88882,0.81929,0.79584,0.74193
125.0,0.98944,0.92607,0.91108,0.84839,0.78133,0.757,0.69997
126.0,0.98999,0.93073,0.91376,0.86427,0.79941,0.77093,0.7155
127.0,0.98914,0.92822,0.91337,0.86551,0.80037,0.77208,0.71638
128.0,0.99066,0.93213,0.91512,0.87339,0.80904,0.786,0.72809
129.0,0.98701,0.92684,0.91293,0.85196,0.78501,0.75896,0.70211
130.0,0.9847,0.92457,0.91171,0.86737,0.79503,0.77035,0.72681
131.0,0.99224,0.93527,0.91923,0.89211,0.83368,0.80729,0.74952
132.0,0.99203,0.93571,0.9173,0.8936,0.83782,0.80728,0.752
133.0,0.98889,0.93141,0.91528,0.87284,0.8093,0.78607,0.73174
134.0,0.98903,0.93353,0.915,0.87782,0.81255,0.78891,0.73969
135.0,0.98999,0.93504,0.91819,0.8896,0.82231,0.79727,0.748
136.0,0.98763,0.93132,0.91577,0.88875,0.81654,0.79294,0.74914
137.0,0.98943,0.93311,0.91664,0.89211,0.83234,0.80236,0.75276
138.0,0.98548,0.92855,0.91421,0.89602,0.82995,0.80398,0.75267
139.0,0.98617,0.9308,0.91487,0.87654,0.81085,0.78313,0.73893
140.0,0.98578,0.93056,0.91057,0.8781,0.81096,0.78442,0.74316
141.0,0.98728,0.92832,0.91535,0.8935,0.82328,0.79652,0.75335
142.0,0.99505,0.93018,0.891,0.81913,0.69726,0.38041,0.0
143.0,0.99252,0.92989,0.89042,0.82008,0.69113,0.36259,0.0
144.0,0.99552,0.93097,0.89288,0.83348,0.71529,0.42184,0.0
145.0,0.99423,0.92439,0.87798,0.81365,0.68966,0.33517,0.0
146.0,0.99369,0.9345,0.90172,0.8077,0.73532,0.0,0.0
147.0,0.99517,0.93179,0.89474,0.85721,0.7288,0.45446,0.0
148.0,0.99449,0.93031,0.89611,0.84033,0.73577,0.51934,0.00359
149.0,0.992,0.92219,0.88526,0.80769,0.69261,0.37625,0.0039
150.0,0.99418,0.93492,0.91175,0.85543,0.7643,0.41172,0.0
151.0,0.99488,0.93468,0.90426,0.84146,0.74989,0.53301,0.00301
152.0,0.99498,0.93215,0.90538,0.84542,0.75598,0.5512,0.00356
153.0,0.9949,0.93232,0.89803,0.83649,0.73748,0.53334,0.00344
154.0,0.99474,0.93118,0.89393,0.82757,0.73419,0.52523,0.00328
155.0,0.99199,0.92819,0.88965,0.81819,0.71066,0.51039,0.0038
156.0,0.99512,0.93383,0.90553,0.84483,0.76017,0.59371,0.0
157.0,0.99364,0.93319,0.9106,0.85597,0.77472,0.75141,0.66299
158.0,0.99552,0.93295,0.90889,0.84819,0.76623,0.74512,0.69101
159.0,0.99111,0.92935,0.91087,0.85681,0.78362,0.76102,0.70474
160.0,0.99122,0.92946,0.91048,0.84739,0.77956,0.75341,0.69639
161.0,0.98991,0.92738,0.90816,0.83549,0.77062,0.74899,0.69314
162.0,0.99206,0.92952,0.90449,0.83816,0.76374,0.74142,0.68709
163.0,0.98986,0.92296,0.89889,0.83148,0.75305,0.72664,0.67185
164.0,0.98791,0.92134,0.8916,0.81765,0.74031,0.71636,0.66054
165.0,0.99177,0.92591,0.8943,0.83036,0.7411,0.62311,0.0
166.0,0.9895,0.9254,0.9065,0.83528,0.77043,0.75049,0.69568
167.0,0.98806,0.92043,0.90046,0.82618,0.75639,0.73325,0.68479
168.0,0.98627,0.9245,0.9096,0.84394,0.77658,0.75578,0.69871
169.0,0.98567,0.91971,0.90265,0.83363,0.76363,0.74257,0.69288
170.0,0.98472,0.92726,0.90883,0.8467,0.78223,0.75839,0.70103
171.0,0.98401,0.9192,0.90027,0.83363,0.75942,0.73685,0.68746
172.0,0.98662,0.91771,0.89544,0.81064,0.74137,0.71482,0.65306
173.0,0.98276,0.92223,0.905,0.84442,0.77474,0.7505,0.70021
174.0,0.97912,0.916,0.89814,0.83499,0.75829,0.73011,0.69321
175.0,0.98316,0.91272,0.89837,0.80991,0.74885,0.72258,0.66538
176.0,0.98382,0.91031,0.88792,0.79664,0.73296,0.70896,0.65399
177.0,0.98459,0.90909,0.88376,0.78946,0.72137,0.69476,0.63802
178.0,0.97553,0.90381,0.878,0.78266,0.70738,0.68424,0.64311
179.0,0.98166,0.92733,0.90864,0.89522,0.83445,0.80507,0.75355
180.0,0.97952,0.92247,0.90082,0.87836,0.80879,0.78157,0.73949
181.0,0.97699,0.92201,0.9023,0.85889,0.7878,0.76333,0.71848
182.0,0.97589,0.92405,0.90435,0.89215,0.82045,0.79601,0.75084
183.0,0.97549,0.92041,0.90063,0.88525,0.81366,0.78576,0.74363
184.0,0.98041,0.93044,0.9215,0.91456,0.86013,0.81765,0.76639
185.0,0.97652,0.92854,0.91612,0.90447,0.84546,0.81016,0.75969
186.0,0.97539,0.92884,0.91542,0.90477,0.84576,0.80953,0.75874
187.0,0.97778,0.9298,0.92379,0.91586,0.86321,0.82411,0.76963
188.0,0.97584,0.92949,0.91601,0.90092,0.84009,0.81055,0.75951
189.0,0.97228,0.91885,0.89343,0.87467,0.80284,0.77514,0.73387
190.0,0.97312,0.91681,0.89162,0.85023,0.78576,0.75993,0.70839
191.0,0.96582,0.91859,0.89828,0.88657,0.81288,0.78855,0.74946
192.0,0.96946,0.91323,0.88847,0.86956,0.79867,0.76841,0.73083
193.0,0.97315,0.91533,0.87859,0.84562,0.77608,0.75118,0.70511
194.0,0.96286,0.88697,0.75119,0.74902,0.74129,0.67287,0.68674
195.0,0.96548,0.85701,0.73049,0.67008,0.68247,0.64554,0.66689
196.0,0.97692,0.91688,0.89572,0.84717,0.77534,0.75368,0.70423
197.0,0.98026,0.92307,0.90274,0.84511,0.78019,0.75346,0.70525
198.0,0.9684,0.91014,0.88678,0.81244,0.74601,0.71714,0.67721
199.0,0.97494,0.91166,0.88878,0.81208,0.74835,0.71785,0.67463
200.0,0.89833,0.64428,0.00074,0.0007,0.0,0.0,0.0
201.0,0.95387,0.69614,0.50949,0.0,0.0,0.0,0.0
202.0,0.96416,0.77062,0.68994,0.61776,0.02525,0.00043,0.00025
203.0,0.97366,0.83152,0.7445,0.65013,0.07056,0.00281,0.00255
204.0,0.99054,0.90214,0.80345,0.68369,0.29471,0.28764,0.37333
205.0,0.99088,0.90614,0.79304,0.69453,0.2953,0.2893,0.38265
206.0,0.98748,0.89486,0.77703,0.69072,0.28096,0.0,0.0
207.0,0.98786,0.89175,0.77449,0.66279,0.15918,0.13987,0.22535
208.0,0.99009,0.88898,0.76996,0.67773,0.31504,0.30561,0.44248
209.0,0.97532,0.86678,0.77114,0.66807,0.11874,0.00292,0.0
210.0,0.98204,0.88132,0.78047,0.65614,0.289,0.28562,0.36708
211.0,0.98083,0.8821,0.78022,0.66124,0.29501,0.29278,0.39148
212.0,0.97777,0.86818,0.76677,0.66452,0.30433,0.30162,0.42864
213.0,0.96352,0.83628,0.5266,0.49067,0.14485,0.13376,0.19411
214.0,0.97207,0.85932,0.52765,0.48747,0.14712,0.0,0.0
215.0,0.96281,0.79521,0.52576,0.48616,0.15413,0.14013,0.2325
216.0,0.98288,0.8857,0.76828,0.67671,0.34192,0.0,0.0
217.0,0.98626,0.88917,0.76524,0.6783,0.32562,0.32167,0.45853
218.0,0.98437,0.87988,0.75488,0.67718,0.33724,0.32225,0.47288
219.0,0.9791,0.86523,0.77909,0.69465,0.43659,0.3889,0.29563
220.0,0.97769,0.86799,0.75657,0.69613,0.35495,0.338,0.49849
221.0,0.98163,0.87002,0.75346,0.6768,0.32314,0.32114,0.47111
222.0,0.97688,0.87096,0.7576,0.69923,0.33611,0.33368,0.49596
223.0,0.97379,0.8406,0.75056,0.68722,0.3325,0.34193,0.50786
224.0,0.96399,0.84108,0.76154,0.70489,0.35374,0.34982,0.51871
225.0,0.97139,0.85065,0.77147,0.71572,0.36774,0.34044,0.51385
226.0,0.96442,0.84881,0.77136,0.71887,0.41592,0.24364,0.32029
227.0,0.97595,0.85798,0.8082,0.75249,0.43968,0.46052,0.57174
228.0,0.95391,0.81576,0.75857,0.71124,0.36488,0.36064,0.52642
229.0,0.95546,0.82813,0.77257,0.72348,0.39268,0.39569,0.53822
230.0,0.95927,0.84261,0.79894,0.74673,0.42746,0.42352,0.55856
231.0,0.98466,0.87651,0.78002,0.71839,0.44214,0.407,0.0
232.0,0.98657,0.87994,0.77922,0.73138,0.42581,0.0,0.0
233.0,0.97993,0.86737,0.81546,0.76182,0.46063,0.48021,0.57436
234.0,0.98066,0.87773,0.83269,0.7777,0.49489,0.50126,0.59471
235.0,0.97481,0.86332,0.81837,0.76408,0.46221,0.47608,0.57447
236.0,0.9752,0.85864,0.81772,0.77509,0.52519,0.55493,0.59183
237.0,0.98475,0.89164,0.86113,0.79861,0.68202,0.60824,0.0
238.0,0.98072,0.89886,0.86667,0.81693,0.69289,0.66927,0.6154
239.0,0.9809,0.89987,0.86379,0.79164,0.66649,0.65107,0.5886
240.0,0.98244,0.89715,0.80517,0.75465,0.48742,0.49714,0.58079
241.0,0.97513,0.88901,0.81865,0.76423,0.51348,0.51926,0.59131
242.0,0.98809,0.89611,0.85044,0.78478,0.65259,0.56562,0.0
243.0,0.99159,0.89256,0.85529,0.78833,0.65952,0.63647,0.57762
244.0,0.99058,0.88423,0.83527,0.77831,0.64317,0.51637,0.0
245.0,0.98969,0.90785,0.85869,0.8153,0.6942,0.67217,0.61903
246.0,0.98886,0.90169,0.85031,0.8092,0.68879,0.66887,0.6099
247.0,0.98906,0.89491,0.84598,0.79961,0.67507,0.65485,0.58876
248.0,0.98923,0.91544,0.87638,0.83836,0.7286,0.70794,0.64278
249.0,0.98768,0.91067,0.86709,0.8278,0.7025,0.68022,0.62683
250.0,0.98296,0.90297,0.86153,0.82034,0.69275,0.67725,0.62326
251.0,0.98354,0.91172,0.87752,0.84006,0.73363,0.70523,0.64094
252.0,0.98144,0.91188,0.87736,0.83758,0.74644,0.71131,0.64392
253.0,0.98259,0.90302,0.8741,0.8311,0.71336,0.68483,0.62731
254.0,0.97866,0.91154,0.87752,0.83204,0.73113,0.69576,0.63201
255.0,0.97953,0.91297,0.87275,0.81938,0.70423,0.67481,0.62357
256.0,0.97903,0.91811,0.86875,0.80935,0.68306,0.66682,0.61112
257.0,0.99372,0.91565,0.87086,0.78574,0.60161,0.46041,0.0
258.0,0.99549,0.91647,0.86432,0.78055,0.55618,0.0,0.0
259.0,0.99293,0.91502,0.86564,0.79982,0.58143,0.0,0.0
260.0,0.99331,0.91804,0.87243,0.80299,0.5559,0.0,0.0
261.0,0.98807,0.92035,0.86491,0.80594,0.56295,0.0,0.0
262.0,0.99381,0.92806,0.84316,0.77261,0.37637,0.0,0.0
263.0,0.99025,0.91494,0.86177,0.81254,0.67701,0.64554,0.0
264.0,0.99252,0.9196,0.86825,0.82227,0.70279,0.67776,0.62711
265.0,0.99,0.91708,0.86711,0.81975,0.65879,0.0,0.0
266.0,0.99194,0.92159,0.86767,0.82235,0.67664,0.0,0.0
267.0,0.9907,0.92662,0.86695,0.82488,0.67578,0.0,0.0
268.0,0.99233,0.93253,0.8597,0.81548,0.65327,0.0,0.0
269.0,0.9901,0.91919,0.87754,0.8396,0.73223,0.70793,0.64308
270.0,0.9893,0.91888,0.88294,0.84641,0.74754,0.71821,0.65192
271.0,0.99213,0.92211,0.87444,0.83616,0.72809,0.68767,0.6381
272.0,0.9912,0.92284,0.88212,0.84146,0.74533,0.70626,0.64615
273.0,0.99023,0.93055,0.87581,0.83323,0.73033,0.69588,0.6331
274.0,0.99172,0.93175,0.88364,0.84323,0.73529,0.66731,0.0
275.0,0.987,0.91558,0.88497,0.84443,0.75042,0.7209,0.65472
276.0,0.98824,0.91711,0.88851,0.85278,0.76384,0.72696,0.65618
277.0,0.99334,0.92188,0.88869,0.84837,0.76141,0.72539,0.6554
278.0,0.99235,0.92352,0.88923,0.84807,0.76175,0.71983,0.6554
279.0,0.98594,0.91698,0.88538,0.84739,0.7663,0.72705,0.65287
280.0,0.98635,0.91886,0.89052,0.86058,0.77844,0.72896,0.669
281.0,0.98893,0.91893,0.89241,0.85688,0.77436,0.7314,0.66688
282.0,0.98869,0.92031,0.89544,0.85758,0.7635,0.423,0.32828
283.0,0.9881,0.92427,0.90112,0.87158,0.78639,0.74317,0.68267
284.0,0.98852,0.93028,0.90387,0.88382,0.82377,0.76793,0.69673
285.0,0.98415,0.92213,0.89779,0.86985,0.79326,0.7451,0.68001
286.0,0.98428,0.93231,0.90736,0.88283,0.82415,0.76628,0.69736
287.0,0.97994,0.9172,0.88484,0.83994,0.74561,0.70851,0.63665
288.0,0.98014,0.92042,0.89621,0.84301,0.7477,0.71004,0.62947
289.0,0.97743,0.90994,0.53241,0.52066,0.0,0.0,0.0
290.0,0.97902,0.91975,0.90901,0.88665,0.79627,0.0,0.0
291.0,0.99387,0.93646,0.91808,0.90414,0.85185,0.81227,0.75472
292.0,0.99312,0.93689,0.91979,0.90867,0.85864,0.82002,0.75923
293.0,0.99121,0.94003,0.92044,0.90851,0.85754,0.82149,0.76106
294.0,0.98864,0.93727,0.91647,0.90693,0.85156,0.81734,0.76105
295.0,0.99228,0.93637,0.92029,0.90789,0.85532,0.81767,0.75536
296.0,0.99274,0.93696,0.92018,0.90694,0.85284,0.81131,0.75652
297.0,0.9913,0.93721,0.91934,0.90817,0.85324,0.81154,0.76185
298.0,0.99009,0.9365,0.91866,0.90749,0.85238,0.81086,0.75716
299.0,0.98695,0.93511,0.91916,0.91124,0.85611,0.8122,0.76272
300.0,0.98775,0.93441,0.91958,0.90857,0.84348,0.80956,0.76156
301.0,0.9795,0.92893,0.91882,0.91338,0.85768,0.81445,0.76499
302.0,0.77342,0.0,0.0,0.0,0.0,0.0,0.0
303.0,0.90961,0.71105,0.6291,0.30969,0.24813,0.0,0.0
304.0,0.8813,0.71182,0.60084,0.31107,0.263,0.2641,0.3333
305.0,0.86385,0.70981,0.60032,0.31546,0.26456,0.26447,0.3288
306.0,0.91858,0.72293,0.64486,0.32203,0.26869,0.0,0.0
307.0,0.90516,0.72086,0.63829,0.32074,0.27636,0.27495,0.35267
308.0,0.87667,0.73271,0.64495,0.32984,0.27262,0.27425,0.3464
309.0,0.86839,0.73519,0.63601,0.33332,0.2741,0.2775,0.33638
310.0,0.85444,0.71542,0.60848,0.32166,0.26594,0.26898,0.32642
311.0,0.91143,0.73461,0.6506,0.33372,0.28579,0.28485,0.37566
312.0,0.87301,0.74238,0.66084,0.34902,0.28191,0.28529,0.37745
313.0,0.88557,0.74277,0.66598,0.33716,0.27431,0.2811,0.36214
314.0,0.86339,0.75464,0.67729,0.34941,0.28338,0.289,0.35999
315.0,0.85411,0.73764,0.63998,0.33533,0.27443,0.28048,0.34197
316.0,0.91965,0.75722,0.51144,0.42476,0.17053,0.15998,0.0
317.0,0.85536,0.76348,0.64533,0.35413,0.28211,0.29689,0.44148
318.0,0.92753,0.74841,0.51414,0.44246,0.16999,0.16573,0.28543
319.0,0.93945,0.79156,0.74342,0.65026,0.34867,0.3438,0.49356
320.0,0.90956,0.7883,0.74591,0.62252,0.34595,0.33474,0.50189
321.0,0.93974,0.80094,0.75833,0.69632,0.39615,0.38732,0.52704
322.0,0.92347,0.81713,0.77298,0.70167,0.40332,0.39289,0.53848
323.0,0.93507,0.85105,0.7998,0.75456,0.40574,0.40002,0.55477
324.0,0.92987,0.81714,0.76833,0.71789,0.38672,0.37765,0.53299
325.0,0.92369,0.83468,0.79227,0.73331,0.41747,0.41384,0.54397
326.0,0.92508,0.84963,0.80907,0.75802,0.44919,0.45865,0.569
327.0,0.91056,0.84738,0.80093,0.74988,0.47164,0.46467,0.56874
328.0,0.91327,0.85521,0.81015,0.70525,0.42311,0.40494,0.56699
329.0,0.92054,0.87679,0.83731,0.76457,0.48969,0.48583,0.59112
330.0,0.91691,0.87839,0.84173,0.70974,0.45469,0.4436,0.59268
331.0,0.92577,0.88863,0.86037,0.77337,0.48398,0.52184,0.60477
332.0,0.95717,0.89714,0.86859,0.80734,0.57188,0.57539,0.63102
333.0,0.94807,0.88098,0.84662,0.78437,0.51998,0.52171,0.60593
334.0,0.93305,0.88202,0.84753,0.77104,0.53659,0.53707,0.60549
335.0,0.93305,0.89313,0.86663,0.79356,0.60368,0.57328,0.61576
336.0,0.95565,0.88516,0.86452,0.80234,0.63417,0.58183,0.62817
337.0,0.9401,0.88102,0.84418,0.79196,0.64566,0.59052,0.61442
338.0,0.94357,0.88776,0.86627,0.81356,0.69181,0.59285,0.63809
339.0,0.95613,0.89747,0.88238,0.84009,0.70861,0.61264,0.66323
340.0,0.95608,0.9177,0.90098,0.86431,0.72456,0.62705,0.67394
341.0,0.94767,0.89109,0.86494,0.80657,0.69573,0.59012,0.62637
342.0,0.94644,0.89968,0.87849,0.82105,0.71075,0.59585,0.65435
343.0,0.94648,0.89929,0.87124,0.81092,0.70737,0.60127,0.64045
344.0,0.94695,0.9114,0.88258,0.82634,0.71433,0.60691,0.66465
345.0,0.95225,0.91759,0.89084,0.84646,0.73257,0.61466,0.67325
346.0,0.92612,0.88411,0.8537,0.7966,0.67088,0.58052,0.61651
347.0,0.95106,0.9159,0.88929,0.83738,0.7121,0.61117,0.66897
348.0,0.95393,0.92007,0.89452,0.84561,0.72534,0.6147,0.68073
349.0,0.94835,0.9141,0.88891,0.84377,0.72726,0.61862,0.6689
350.0,0.95164,0.91375,0.88907,0.85212,0.7369,0.624,0.67216
351.0,0.95238,0.91476,0.89574,0.87151,0.74796,0.64155,0.68546
352.0,0.978,0.93231,0.91901,0.90342,0.80929,0.70059,0.74548
353.0,0.97898,0.92398,0.91619,0.89978,0.79904,0.69345,0.72351
354.0,0.97875,0.92009,0.91225,0.88883,0.78318,0.67984,0.71145
355.0,0.97456,0.93309,0.92081,0.90527,0.80705,0.69991,0.73438
356.0,0.96183,0.91957,0.90651,0.87813,0.77125,0.6684,0.69859
357.0,0.97161,0.93403,0.92068,0.90587,0.80992,0.70041,0.74526
358.0,0.97127,0.93424,0.9235,0.90608,0.81395,0.70228,0.74713
359.0,0.98328,0.9323,0.91441,0.90386,0.84856,0.75938,0.75751
360.0,0.9799,0.93006,0.91709,0.90634,0.85401,0.74466,0.76496
361.0,0.97306,0.93304,0.91796,0.9019,0.82014,0.72152,0.7397
362.0,0.98208,0.93682,0.92603,0.91835,0.86495,0.75602,0.77712
363.0,0.97469,0.93416,0.92498,0.915,0.82202,0.73587,0.76707
364.0,0.98443,0.92786,0.90326,0.89232,0.84012,0.76397,0.73083
365.0,0.98661,0.93631,0.9149,0.89861,0.84734,0.76166,0.75181
366.0,0.98517,0.93875,0.92006,0.90941,0.85543,0.74421,0.76913
367.0,0.98319,0.93917,0.92177,0.91121,0.85334,0.74414,0.77228
368.0,0.98155,0.93973,0.9279,0.92127,0.86514,0.80451,0.77689
369.0,0.98224,0.93963,0.92957,0.91917,0.86572,0.76262,0.77978
370.0,0.97886,0.93935,0.92817,0.90672,0.81745,0.7221,0.77279
371.0,0.96607,0.92686,0.91356,0.89639,0.77741,0.67252,0.7165
372.0,0.9839,0.94428,0.93292,0.9201,0.84256,0.73931,0.78104
373.0,0.98014,0.9428,0.92868,0.91356,0.83072,0.72741,0.77793
374.0,0.97252,0.9365,0.91919,0.90028,0.78859,0.69538,0.75928
375.0,0.97493,0.93901,0.92523,0.90137,0.78228,0.68466,0.76729
376.0,0.98236,0.94266,0.93414,0.926,0.88083,0.80517,0.7849
377.0,0.9789,0.93921,0.93126,0.92024,0.86826,0.76351,0.78265
378.0,0.97946,0.9428,0.93292,0.9247,0.87077,0.76871,0.78528
379.0,0.98214,0.94312,0.93394,0.92225,0.86987,0.75466,0.78285
380.0,0.98745,0.9457,0.93635,0.92757,0.86928,0.7582,0.7876
381.0,0.98748,0.94563,0.93716,0.92749,0.87111,0.76296,0.78752
382.0,0.98599,0.94412,0.93648,0.93044,0.88717,0.82616,0.78802
383.0,0.98553,0.94367,0.93613,0.93055,0.88732,0.81372,0.78767
384.0,0.98808,0.94514,0.93671,0.93123,0.89007,0.80278,0.78903
385.0,0.98622,0.94328,0.93485,0.92927,0.88315,0.77111,0.78717
386.0,0.98382,0.94232,0.93465,0.92691,0.87968,0.82447,0.78587
387.0,0.98553,0.94356,0.93534,0.92953,0.88321,0.83402,0.78656
388.0,0.98623,0.94409,0.93642,0.93062,0.88406,0.83487,0.78764
389.0,0.98927,0.94528,0.93838,0.93192,0.89195,0.82784,0.78961
390.0,0.98804,0.94483,0.93822,0.93176,0.89136,0.83019,0.78933
391.0,0.98884,0.94423,0.93719,0.93107,0.8906,0.82728,0.78809
392.0,0.99309,0.94441,0.93296,0.92223,0.87673,0.83024,0.77978
393.0,0.98361,0.93995,0.9271,0.91459,0.87561,0.82729,0.77481
394.0,0.98284,0.94256,0.93161,0.92138,0.87676,0.83108,0.77947
395.0,0.98505,0.94327,0.9343,0.9279,0.8785,0.83347,0.78476
396.0,0.98559,0.94316,0.93419,0.92813,0.87839,0.83043,0.78465
397.0,0.99009,0.94548,0.93844,0.932,0.88506,0.83617,0.78902
398.0,0.98678,0.9385,0.92426,0.91629,0.87606,0.8289,0.7733
399.0,0.98315,0.93889,0.92714,0.91814,0.87668,0.82912,0.77457
400.0,0.98099,0.93902,0.92721,0.91883,0.87804,0.82981,0.77472
401.0,0.98612,0.94347,0.9345,0.92794,0.87857,0.8345,0.78311
402.0,0.99057,0.94609,0.93775,0.92988,0.884,0.83974,0.78691
403.0,0.99148,0.94541,0.9388,0.93159,0.89003,0.83906,0.78991
404.0,0.9827,0.93432,0.92053,0.91205,0.86313,0.82084,0.76683
405.0,0.97684,0.93294,0.92165,0.91621,0.86912,0.82505,0.76937
406.0,0.97861,0.93925,0.92741,0.91841,0.87619,0.8294,0.77431
407.0,0.98765,0.94427,0.9339,0.92351,0.87936,0.83085,0.78151
408.0,0.97654,0.93481,0.92331,0.91771,0.87006,0.82676,0.77207
409.0,0.97941,0.93414,0.92417,0.91676,0.87653,0.82881,0.77305
410.0,0.98885,0.94422,0.93443,0.92324,0.87891,0.83084,0.78052
411.0,0.98865,0.94476,0.93579,0.92614,0.87985,0.83134,0.782
412.0,0.98036,0.93437,0.92546,0.91582,0.86911,0.828,0.77147
413.0,0.97544,0.92946,0.91632,0.90035,0.84047,0.80866,0.75848
414.0,0.97419,0.92567,0.91049,0.8912,0.82882,0.79906,0.7568
415.0,0.97997,0.93434,0.92507,0.91864,0.86943,0.82646,0.77108
416.0,0.97844,0.93115,0.92281,0.90823,0.84818,0.81257,0.76603
417.0,0.97813,0.93126,0.91907,0.90422,0.84329,0.80978,0.76237
418.0,0.97323,0.9232,0.8851,0.86463,0.8141,0.7761,0.75295
419.0,0.96926,0.85142,0.70988,0.61085,0.64677,0.56638,0.65347
420.0,0.96813,0.80129,0.68051,0.60094,0.59863,0.52481,0.60229
421.0,0.96228,0.85924,0.71139,0.68274,0.65378,0.58061,0.67299
422.0,0.96475,0.79118,0.61131,0.58484,0.58159,0.51288,0.59991
423.0,0.95786,0.83037,0.69099,0.63178,0.60805,0.55318,0.63741
424.0,0.94199,0.71692,0.36304,0.26084,0.0,0.0,0.0
425.0,0.95562,0.75041,0.55141,0.53108,0.54229,0.41149,0.0
426.0,0.94664,0.73393,0.52263,0.50403,0.52115,0.42163,0.4962
427.0,0.94962,0.75039,0.56034,0.54042,0.54413,0.4671,0.55063
428.0,0.94927,0.7585,0.56087,0.55143,0.54877,0.47374,0.55928
429.0,0.94285,0.74656,0.54122,0.53237,0.53408,0.456,0.53664
430.0,0.92795,0.7351,0.51362,0.34506,0.35567,0.27047,0.0
431.0,0.96764,0.81996,0.64615,0.60093,0.58676,0.52557,0.6238
432.0,0.95736,0.8011,0.62035,0.59074,0.58236,0.5122,0.60341
433.0,0.94837,0.76207,0.56884,0.55443,0.55546,0.48075,0.56883
434.0,0.9397,0.7487,0.55272,0.54002,0.54369,0.4675,0.55026
435.0,0.94043,0.75593,0.55401,0.54818,0.54805,0.47333,0.5679
436.0,0.94531,0.76634,0.56257,0.55434,0.55785,0.47908,0.58392
437.0,0.9294,0.74463,0.52163,0.5206,0.50972,0.07741,0.0
438.0,0.8024,0.05819,0.0,0.0,0.0,0.0,0.0
439.0,0.95494,0.80635,0.60153,0.58501,0.58326,0.52094,0.61388
440.0,0.94363,0.77536,0.56308,0.57133,0.57112,0.4995,0.59582
441.0,0.83756,0.61109,0.30765,0.31592,0.34113,0.34664,0.27212
442.0,0.8285,0.65221,0.48022,0.27872,0.22943,0.23723,0.28567
443.0,0.83924,0.69391,0.54907,0.30289,0.25539,0.26028,0.32061
444.0,0.80652,0.64519,0.41836,0.26835,0.21689,0.2336,0.28123
445.0,0.75404,0.61421,0.33162,0.23016,0.18634,0.19985,0.25023
446.0,0.69177,0.52353,0.24202,0.17887,0.15218,0.15696,0.19809
447.0,0.71696,0.53695,0.26256,0.19087,0.15523,0.16425,0.21179
448.0,0.81407,0.68599,0.55437,0.30852,0.25834,0.26694,0.32262
449.0,0.81799,0.7205,0.62325,0.32815,0.27268,0.28331,0.35048
450.0,0.83165,0.74189,0.68085,0.35628,0.28507,0.30058,0.3922
451.0,0.79586,0.69863,0.57324,0.31351,0.26385,0.27029,0.32292
452.0,0.8,0.72418,0.63345,0.33341,0.27475,0.28399,0.34488
453.0,0.78212,0.72154,0.62794,0.33092,0.27133,0.27641,0.32319
454.0,0.79704,0.73759,0.67488,0.34621,0.28361,0.29331,0.40276
455.0,0.77834,0.71827,0.62171,0.33033,0.27316,0.27672,0.32741
456.0,0.75235,0.70033,0.60649,0.32031,0.26412,0.12715,0.16512
457.0,0.74776,0.64765,0.60234,0.30544,0.24509,0.23616,0.25631
458.0,0.76334,0.67704,0.63923,0.32574,0.25369,0.24176,0.0
459.0,0.77843,0.68633,0.6496,0.33209,0.25646,0.2508,0.28276
460.0,0.7286,0.653,0.60356,0.30552,0.24515,0.2362,0.25713
461.0,0.76809,0.67941,0.64566,0.32727,0.25327,0.24955,0.27768
462.0,0.76857,0.68061,0.64512,0.32874,0.25474,0.24978,0.27915
463.0,0.78298,0.68764,0.65941,0.33996,0.25552,0.25168,0.28396
464.0,0.70242,0.61436,0.56546,0.29045,0.21199,0.18747,0.04878
465.0,0.73695,0.66243,0.61433,0.31675,0.24762,0.23825,0.26136
466.0,0.69837,0.61454,0.56132,0.29096,0.23928,0.23019,0.25517
467.0,0.89385,0.81136,0.77027,0.63465,0.35142,0.35492,0.51363
468.0,0.89229,0.83457,0.7859,0.46932,0.30035,0.32278,0.50016
469.0,0.83638,0.76067,0.73586,0.42224,0.30839,0.32243,0.45802
470.0,0.8573,0.77384,0.74523,0.46874,0.32346,0.33026,0.46702
471.0,0.87093,0.79064,0.75869,0.5864,0.3398,0.34335,0.50046
472.0,0.85242,0.75227,0.70539,0.38131,0.27561,0.28117,0.38063
473.0,0.8807,0.7942,0.76317,0.60431,0.34299,0.34608,0.50311
474.0,0.85252,0.75254,0.70667,0.38113,0.2827,0.28856,0.37984
475.0,0.8366,0.76747,0.7465,0.50794,0.33156,0.34049,0.49764
476.0,0.83507,0.74009,0.70464,0.38753,0.27588,0.28907,0.40845
477.0,0.82908,0.7599,0.72241,0.38629,0.29638,0.3134,0.4446
478.0,0.82411,0.75994,0.72665,0.38701,0.2969,0.31819,0.46398
479.0,0.81585,0.75332,0.71487,0.36833,0.29025,0.30863,0.44568
480.0,0.80495,0.71133,0.66501,0.34208,0.25659,0.26843,0.35925
481.0,0.82777,0.72807,0.70404,0.37083,0.27278,0.28341,0.36539
482.0,0.8651,0.77412,0.71732,0.39868,0.28058,0.29017,0.4066
483.0,0.85064,0.75407,0.70637,0.3791,0.27618,0.28174,0.37554
484.0,0.84363,0.74373,0.70299,0.3727,0.27709,0.28173,0.36879
485.0,0.80809,0.71477,0.68331,0.34933,0.26107,0.26128,0.3022
486.0,0.82757,0.72435,0.69428,0.36048,0.26584,0.28169,0.35181
487.0,0.79766,0.70597,0.68029,0.34628,0.25908,0.26216,0.30716
488.0,0.82823,0.72498,0.6916,0.35507,0.26207,0.26843,0.35561
489.0,0.81808,0.73191,0.68742,0.36099,0.28627,0.28842,0.35648
490.0,0.79397,0.69819,0.65466,0.33258,0.25988,0.26144,0.31955
491.0,0.73094,0.64617,0.58121,0.31396,0.27109,0.27087,0.30276
492.0,0.91567,0.87575,0.83613,0.67373,0.45862,0.44573,0.59536
493.0,0.93421,0.89324,0.86662,0.80174,0.6245,0.57266,0.62243
494.0,0.92045,0.87797,0.84379,0.77049,0.56613,0.54994,0.60906
495.0,0.89553,0.84495,0.79991,0.50622,0.33558,0.35889,0.53982
496.0,0.8421,0.76913,0.72588,0.41069,0.31011,0.32438,0.42464
497.0,0.88773,0.82543,0.78764,0.50091,0.35019,0.36959,0.52305
498.0,0.93081,0.88941,0.85795,0.63806,0.38707,0.42347,0.60546
499.0,0.91619,0.86796,0.82978,0.58099,0.38113,0.40547,0.5862
500.0,0.90753,0.84846,0.81418,0.5432,0.36454,0.39471,0.56801
501.0,0.91876,0.87185,0.84125,0.62405,0.4037,0.41499,0.59896
502.0,0.90382,0.84541,0.81146,0.53892,0.37857,0.39499,0.56233
503.0,0.75681,0.67908,0.50872,0.36604,0.31768,0.31802,0.35784
504.0,0.75922,0.6558,0.40611,0.37811,0.33737,0.33659,0.37411
505.0,0.82032,0.75313,0.4935,0.42066,0.36884,0.36019,0.42217
506.0,0.82494,0.75367,0.48172,0.42149,0.36937,0.36178,0.42453
507.0,0.77451,0.6878,0.40151,0.37717,0.33891,0.33565,0.37393
508.0,0.85373,0.78096,0.72886,0.42683,0.32941,0.34562,0.44555
509.0,0.86249,0.78941,0.73832,0.44703,0.3529,0.36521,0.46352
510.0,0.88124,0.81886,0.77297,0.48646,0.37962,0.39529,0.50741
511.0,0.82827,0.76054,0.5409,0.41634,0.36005,0.35624,0.42646
512.0,0.84548,0.77276,0.65785,0.43183,0.36269,0.3634,0.43891
513.0,0.85614,0.78685,0.70473,0.44959,0.37651,0.3811,0.45761
514.0,0.88261,0.81684,0.76611,0.47999,0.39437,0.40409,0.50637
515.0,0.84643,0.77222,0.59701,0.43974,0.38231,0.37947,0.44019
516.0,0.82253,0.75548,0.47756,0.41911,0.36626,0.35969,0.4182
517.0,0.87708,0.81182,0.76562,0.47568,0.38252,0.39209,0.49931
518.0,0.87631,0.81813,0.77779,0.48667,0.3902,0.39758,0.49829
519.0,0.87459,0.81696,0.77577,0.48354,0.39392,0.39896,0.49497
520.0,0.86211,0.80051,0.75082,0.47103,0.41178,0.4054,0.46686
521.0,0.86272,0.81286,0.74942,0.47841,0.42891,0.42212,0.50832
522.0,0.95882,0.92476,0.90662,0.86475,0.74506,0.62584,0.69377
523.0,0.96568,0.92606,0.91198,0.87145,0.75634,0.64596,0.72812
524.0,0.96605,0.92943,0.90991,0.8726,0.74969,0.63032,0.71407
525.0,0.9666,0.93037,0.9124,0.87492,0.75131,0.63744,0.72402
526.0,0.96183,0.92392,0.90636,0.86713,0.75135,0.63874,0.7243
527.0,0.95506,0.92024,0.9013,0.85619,0.75565,0.64006,0.68652
528.0,0.96588,0.9267,0.91154,0.87409,0.76146,0.6509,0.72143
529.0,0.94628,0.91001,0.87937,0.72491,0.43507,0.47145,0.6491
530.0,0.94897,0.91195,0.88248,0.73672,0.45789,0.50806,0.64963
531.0,0.93974,0.89553,0.87282,0.69114,0.43399,0.455,0.64578
532.0,0.92519,0.88701,0.85919,0.66502,0.42841,0.45633,0.62867
533.0,0.9079,0.87042,0.84668,0.62548,0.44469,0.46636,0.60436
534.0,0.92688,0.8904,0.86886,0.65209,0.46046,0.46927,0.64308
535.0,0.91134,0.87555,0.84469,0.59359,0.46061,0.46419,0.61454
536.0,0.88135,0.83896,0.81233,0.55,0.42511,0.4372,0.56595
537.0,0.87772,0.83434,0.80236,0.51258,0.42606,0.42872,0.56604
538.0,0.90816,0.86948,0.83719,0.57757,0.4469,0.45287,0.60926
539.0,0.97198,0.93358,0.92157,0.90124,0.74365,0.71197,0.70355
540.0,0.97853,0.9401,0.92802,0.90854,0.83265,0.72796,0.77584
541.0,0.95215,0.91547,0.89008,0.74852,0.46352,0.51962,0.66186
542.0,0.95048,0.91154,0.88733,0.74766,0.47445,0.54456,0.65724
543.0,0.96507,0.92271,0.90667,0.81123,0.50926,0.58871,0.67879
544.0,0.95463,0.91864,0.89905,0.79174,0.53526,0.58872,0.67139
545.0,0.94946,0.91173,0.88708,0.74341,0.50435,0.54852,0.66
546.0,0.96423,0.93077,0.91616,0.89649,0.68521,0.69219,0.69994
547.0,0.94574,0.91503,0.90386,0.86397,0.61752,0.64897,0.69016
548.0,0.9406,0.91199,0.89492,0.8502,0.63477,0.65489,0.67993
549.0,0.94624,0.91582,0.90322,0.84642,0.61268,0.64684,0.69009
550.0,0.91364,0.8782,0.85386,0.6208,0.47958,0.501,0.61506
551.0,0.90771,0.87358,0.85062,0.67039,0.50256,0.53148,0.64333
552.0,0.91544,0.88458,0.86545,0.68862,0.51898,0.55854,0.66046
553.0,0.91835,0.88688,0.8719,0.71519,0.53714,0.57343,0.66493
554.0,0.91309,0.87622,0.85624,0.67731,0.51149,0.53955,0.64969
555.0,0.89087,0.85711,0.84367,0.69656,0.57394,0.59508,0.63341
556.0,0.89072,0.85727,0.83305,0.65152,0.53335,0.56459,0.61865
557.0,0.97639,0.93808,0.92658,0.91763,0.81058,0.7441,0.71029
558.0,0.98364,0.93979,0.92857,0.92223,0.83443,0.7673,0.71356
559.0,0.98981,0.94579,0.93713,0.92958,0.88016,0.83614,0.78661
560.0,0.99058,0.94424,0.93418,0.92812,0.87841,0.83424,0.78464
561.0,0.98511,0.94386,0.93381,0.9231,0.87895,0.81946,0.7811
562.0,0.97798,0.93464,0.92701,0.91801,0.87722,0.79053,0.77444
563.0,0.97245,0.93238,0.9225,0.91341,0.87154,0.76373,0.77165
564.0,0.97093,0.9292,0.91703,0.90667,0.8206,0.76744,0.69894
565.0,0.97052,0.92851,0.91701,0.90626,0.81768,0.76991,0.69886
566.0,0.96701,0.92281,0.91492,0.90295,0.81067,0.74986,0.69525
567.0,0.98813,0.94335,0.93265,0.9227,0.87819,0.83092,0.7798
568.0,0.99193,0.94504,0.93607,0.93,0.88013,0.83515,0.78387
569.0,0.97275,0.92757,0.92015,0.91151,0.86113,0.79966,0.76804
570.0,0.97535,0.92866,0.92142,0.90983,0.86356,0.81268,0.76838
571.0,0.98348,0.93955,0.9284,0.9194,0.87862,0.83039,0.7753
572.0,0.97868,0.93431,0.92394,0.91513,0.87521,0.82753,0.77168
573.0,0.94783,0.91191,0.90184,0.88657,0.73607,0.71876,0.68802
574.0,0.94876,0.91876,0.9091,0.89683,0.77194,0.73225,0.69108
575.0,0.95874,0.92291,0.91296,0.90272,0.80311,0.74226,0.69332
576.0,0.95447,0.92085,0.9058,0.89151,0.76915,0.72835,0.68482
577.0,0.95132,0.91775,0.90321,0.88463,0.75419,0.72005,0.68325
578.0,0.95084,0.91921,0.90715,0.89267,0.76942,0.72624,0.68791
579.0,0.94371,0.91277,0.90097,0.88466,0.74557,0.72103,0.68054
580.0,0.93526,0.90586,0.88803,0.86964,0.69465,0.70306,0.67049
581.0,0.96,0.92311,0.91396,0.90296,0.81124,0.743,0.69836
582.0,0.95005,0.91909,0.90779,0.89654,0.7829,0.73148,0.69238
583.0,0.93491,0.90935,0.89484,0.87885,0.70779,0.71341,0.67676
584.0,0.95074,0.90921,0.88816,0.85026,0.73657,0.68613,0.66232
585.0,0.9023,0.87664,0.86142,0.75975,0.60815,0.63825,0.6511
586.0,0.91724,0.88437,0.86217,0.78238,0.61277,0.65321,0.65617
587.0,0.91634,0.88622,0.87192,0.80357,0.63654,0.66568,0.66049
588.0,0.95058,0.91851,0.90721,0.89671,0.78373,0.73279,0.6918
589.0,0.95487,0.91933,0.91092,0.89898,0.79291,0.73542,0.69254
590.0,0.96121,0.92322,0.91365,0.90319,0.80934,0.73939,0.69769
591.0,0.94725,0.91725,0.90759,0.89235,0.76948,0.72648,0.68748
592.0,0.94471,0.91769,0.90352,0.89022,0.7471,0.721,0.68576
593.0,0.93621,0.90964,0.89753,0.87914,0.71264,0.71511,0.68067
594.0,0.92714,0.89896,0.88213,0.86095,0.68359,0.69477,0.66941
595.0,0.92611,0.89883,0.88025,0.85856,0.69242,0.68418,0.66426
596.0,0.92265,0.89743,0.87781,0.84571,0.68479,0.67579,0.66125
597.0,0.93878,0.90991,0.8986,0.88114,0.71454,0.71523,0.68022
598.0,0.93315,0.90794,0.89438,0.87459,0.71385,0.71058,0.67559
599.0,0.9265,0.89921,0.88063,0.85718,0.68198,0.681,0.66417
600.0,0.929,0.90169,0.88262,0.8541,0.67748,0.68345,0.6666
601.0,0.89898,0.86448,0.84968,0.7782,0.62399,0.64054,0.6378
602.0,0.9417,0.91283,0.90085,0.88277,0.72378,0.723,0.68044
603.0,0.89898,0.85731,0.83868,0.78131,0.62133,0.63674,0.62457
604.0,0.91457,0.88012,0.86607,0.80869,0.64596,0.65518,0.65041
605.0,0.89632,0.85901,0.84476,0.75727,0.60522,0.62806,0.63345
606.0,0.87515,0.83773,0.82521,0.68617,0.56005,0.59984,0.61631
607.0,0.82675,0.79361,0.77022,0.54623,0.50664,0.53347,0.5506
608.0,0.80221,0.76136,0.69164,0.49448,0.47192,0.49029,0.51834
609.0,0.97734,0.93065,0.92178,0.90265,0.84948,0.80347,0.76609
610.0,0.96282,0.91618,0.8935,0.85254,0.73685,0.6956,0.67058
611.0,0.97649,0.93101,0.908,0.87695,0.8263,0.7971,0.7594
612.0,0.97582,0.92569,0.86119,0.8274,0.77013,0.74167,0.75458
613.0,0.96542,0.91732,0.88304,0.84965,0.79714,0.7627,0.74618
614.0,0.96398,0.91524,0.86147,0.82294,0.77767,0.73627,0.73795
615.0,0.95488,0.89839,0.86354,0.82023,0.70054,0.65991,0.64329
616.0,0.95841,0.89823,0.85009,0.80577,0.68652,0.64595,0.63584
617.0,0.96093,0.90752,0.85819,0.83326,0.7708,0.72517,0.72675
618.0,0.94596,0.86123,0.83244,0.76127,0.64421,0.60517,0.61664
619.0,0.95329,0.88332,0.80693,0.70517,0.61081,0.57428,0.62516
620.0,0.87864,0.83676,0.81446,0.73567,0.60968,0.58418,0.59037
621.0,0.85947,0.79796,0.76643,0.65804,0.562,0.53651,0.52904
622.0,0.91836,0.84621,0.83055,0.74389,0.62199,0.60118,0.59759
623.0,0.91928,0.8437,0.78711,0.67915,0.57954,0.56202,0.57335
624.0,0.79171,0.71922,0.63362,0.53524,0.46599,0.49035,0.47981
625.0,0.88934,0.79857,0.70298,0.5972,0.52661,0.51053,0.52611
626.0,0.86481,0.77132,0.62304,0.55576,0.46975,0.50135,0.51437
627.0,0.89201,0.79896,0.66359,0.59269,0.50332,0.51254,0.52595
628.0,0.89224,0.79629,0.65871,0.58984,0.49462,0.50602,0.52226
629.0,0.83694,0.73743,0.56752,0.49853,0.43005,0.45969,0.477
630.0,0.79599,0.7584,0.69663,0.56832,0.51579,0.51688,0.51105
631.0,0.82859,0.77163,0.72699,0.60802,0.54763,0.52331,0.52186
632.0,0.75462,0.67167,0.5983,0.48071,0.44867,0.4611,0.47105
633.0,0.72456,0.57624,0.5004,0.4393,0.41929,0.44719,0.45975
634.0,0.95291,0.88128,0.82573,0.79642,0.74571,0.66726,0.70992
635.0,0.95998,0.8871,0.77548,0.75229,0.71216,0.62206,0.71084
636.0,0.9349,0.84145,0.73399,0.64025,0.54843,0.53132,0.57051
637.0,0.91724,0.82527,0.69877,0.60595,0.53164,0.52154,0.5487
638.0,0.93272,0.8478,0.74666,0.72829,0.69906,0.5881,0.66832
639.0,0.92514,0.8357,0.70059,0.66658,0.63662,0.54736,0.65557
640.0,0.94732,0.83045,0.68858,0.64374,0.62205,0.55641,0.65006
641.0,0.9079,0.79082,0.64837,0.59711,0.58572,0.52104,0.60892
642.0,0.91444,0.7832,0.63912,0.59647,0.5917,0.52966,0.61726
643.0,0.88298,0.69749,0.44917,0.39575,0.38986,0.38377,0.45374
644.0,0.88204,0.71087,0.43096,0.38011,0.38234,0.39713,0.46469
645.0,0.84961,0.62832,0.35002,0.33461,0.33194,0.35408,0.4368
646.0,0.88654,0.78957,0.64487,0.54825,0.48346,0.49549,0.51344
647.0,0.87712,0.77451,0.58858,0.50306,0.4318,0.46836,0.49454
648.0,0.88489,0.72665,0.49441,0.41371,0.39424,0.40268,0.46202
649.0,0.84017,0.73357,0.57616,0.45988,0.41835,0.44895,0.46965
650.0,0.84229,0.72965,0.49884,0.40421,0.38359,0.42393,0.46457
651.0,0.83244,0.72075,0.43608,0.3737,0.35305,0.40317,0.46071
652.0,0.86188,0.68417,0.4192,0.37888,0.38632,0.36161,0.45965
653.0,0.83464,0.63516,0.3683,0.33879,0.33978,0.32318,0.43346
654.0,0.80888,0.55389,0.29504,0.30017,0.30119,0.3068,0.41864
655.0,0.82316,0.5604,0.27981,0.29327,0.29307,0.30752,0.41589
656.0,0.79779,0.52231,0.30163,0.2989,0.29867,0.29134,0.42065
657.0,0.77727,0.45744,0.27782,0.28114,0.27768,0.2685,0.38722
658.0,0.83997,0.65625,0.39029,0.36425,0.36413,0.36426,0.45855
659.0,0.84321,0.62349,0.39919,0.36923,0.36871,0.35607,0.45865
660.0,0.79485,0.52516,0.32009,0.29887,0.31115,0.30852,0.43138
661.0,0.79471,0.49758,0.30509,0.29645,0.31068,0.30129,0.41114
662.0,0.78157,0.46975,0.28978,0.28761,0.28573,0.28641,0.40518
663.0,0.73132,0.33262,0.2476,0.24876,0.25053,0.24189,0.34855
664.0,0.79817,0.53762,0.31974,0.30803,0.31916,0.3095,0.42187
665.0,0.77461,0.44968,0.28387,0.27504,0.27818,0.2791,0.40106
666.0,0.79486,0.47136,0.3201,0.30764,0.31116,0.30197,0.43138
667.0,0.79305,0.42695,0.31277,0.31382,0.31823,0.30609,0.41923
668.0,0.79027,0.4433,0.31621,0.31085,0.31627,0.30123,0.42529
669.0,0.78543,0.46497,0.31293,0.30723,0.30695,0.29875,0.41558
670.0,0.78052,0.41352,0.30948,0.30364,0.30163,0.29124,0.41345
671.0,0.76824,0.43673,0.3077,0.292,0.29947,0.28826,0.4143
672.0,0.74985,0.38915,0.26501,0.26701,0.27676,0.26664,0.38105
673.0,0.74222,0.33943,0.27352,0.26253,0.27892,0.26594,0.37883
674.0,0.80933,0.50063,0.34359,0.33346,0.34464,0.33291,0.45078
675.0,0.77952,0.45812,0.29171,0.2845,0.28636,0.28555,0.40365
676.0,0.79633,0.4433,0.31695,0.3173,0.3265,0.31049,0.42469
677.0,0.7776,0.40503,0.3084,0.30681,0.30665,0.29801,0.42012
678.0,0.76239,0.37351,0.30075,0.29685,0.3015,0.28963,0.41425
679.0,0.76811,0.38728,0.30497,0.30106,0.30219,0.29339,0.41656
680.0,0.75704,0.36568,0.29424,0.28977,0.29665,0.28393,0.40557
681.0,0.7362,0.31796,0.2585,0.25483,0.26102,0.26187,0.37504
682.0,0.74246,0.32835,0.28061,0.27774,0.28438,0.27387,0.38839
683.0,0.74526,0.33599,0.28114,0.28172,0.28491,0.28067,0.38892
684.0,0.72079,0.2931,0.24092,0.24261,0.24666,0.24034,0.34536
685.0,0.6623,0.26216,0.23419,0.23328,0.23543,0.2316,0.30863
686.0,0.96265,0.84421,0.6913,0.63537,0.62223,0.55697,0.65854
687.0,0.94903,0.81044,0.64447,0.59831,0.58914,0.52533,0.61386
688.0,0.95414,0.82397,0.66523,0.61345,0.59997,0.53698,0.63416
689.0,0.94138,0.79488,0.62355,0.59117,0.58279,0.51008,0.60383
690.0,0.94276,0.78027,0.56799,0.57527,0.58192,0.50368,0.60375
691.0,0.93043,0.75428,0.54591,0.55101,0.55696,0.47846,0.58337
692.0,0.92045,0.74203,0.51394,0.52582,0.53745,0.45624,0.5445
693.0,0.91291,0.75157,0.56925,0.55224,0.55202,0.47397,0.57015
694.0,0.92795,0.75276,0.56539,0.49078,0.52565,0.44873,0.56837
695.0,0.92435,0.7492,0.56124,0.53039,0.53661,0.46363,0.53559
696.0,0.82954,0.64312,0.2611,0.27412,0.27253,0.29459,0.41156
697.0,0.7001,0.4007,0.19684,0.19463,0.19712,0.22518,0.0
698.0,0.80732,0.65299,0.35871,0.38661,0.40706,0.38185,0.28221
699.0,0.8457,0.69393,0.43799,0.44459,0.48573,0.41208,0.50339
700.0,0.79459,0.6442,0.35546,0.37365,0.39019,0.3876,0.46371
701.0,0.8655,0.72544,0.52376,0.51525,0.52259,0.44383,0.53236
702.0,0.79541,0.55238,0.27104,0.25722,0.32298,0.37367,0.45512
703.0,0.84049,0.6776,0.27002,0.29754,0.29979,0.33652,0.44646
704.0,0.80396,0.61589,0.24169,0.26335,0.26309,0.28501,0.42042
705.0,0.77007,0.52298,0.23987,0.25191,0.25469,0.27089,0.39227
706.0,0.76588,0.56149,0.24191,0.25974,0.26018,0.27255,0.40521
707.0,0.77483,0.57712,0.23852,0.25819,0.25855,0.27067,0.40562
708.0,0.64432,0.08856,0.0,0.0,0.0,0.0,0.0
709.0,0.74685,0.52097,0.25305,0.25698,0.25581,0.34602,0.40378
710.0,0.71981,0.47064,0.22819,0.22772,0.23208,0.31224,0.23283
711.0,0.79071,0.60674,0.24732,0.26248,0.26715,0.28504,0.41705
712.0,0.70924,0.35855,0.19288,0.20278,0.21676,0.2211,0.33831
713.0,0.65304,0.13962,0.0,0.0,0.0,0.0,0.0
714.0,0.74256,0.3645,0.24388,0.25325,0.2547,0.25765,0.37049
715.0,0.7063,0.33281,0.23222,0.2317,0.23287,0.24144,0.34429
716.0,0.72718,0.4043,0.23029,0.23912,0.24151,0.2505,0.3657
717.0,0.74984,0.49332,0.23147,0.2442,0.24775,0.26486,0.37977
718.0,0.76072,0.51834,0.24456,0.25682,0.26055,0.2773,0.39972
719.0,0.71578,0.3971,0.22281,0.23047,0.23431,0.24273,0.35666
720.0,0.74394,0.46218,0.22441,0.23983,0.24294,0.25446,0.37438
721.0,0.67358,0.38432,0.20528,0.21366,0.21709,0.22637,0.34825
722.0,0.3829,0.00463,0.0,0.0,0.0,0.0,0.0
723.0,0.7466,0.50147,0.22247,0.2392,0.23964,0.25723,0.38153
724.0,0.59422,0.24254,0.17668,0.18432,0.19249,0.19636,0.29705
725.0,0.64005,0.34573,0.19342,0.20036,0.2125,0.21782,0.33551
726.0,0.19081,0.12474,0.11494,0.11518,0.12252,0.12045,0.14059
727.0,0.3878,0.15559,0.13655,0.13704,0.14123,0.14107,0.16374
728.0,0.16488,0.0,0.0,0.0,0.0,0.0,0.0
729.0,0.65012,0.49889,0.39866,0.26036,0.21571,0.19356,0.196
730.0,0.58038,0.38921,0.0,0.0,0.0,0.0,0.0
731.0,0.18371,0.00543,0.00389,0.00285,0.00276,0.00265,0.00258
732.0,0.18973,0.00487,0.00334,0.0,0.0,0.0,0.0
733.0,0.35669,0.00544,0.0039,0.00285,0.00276,0.00264,0.00255
734.0,0.36822,0.00432,0.00279,0.00178,0.00177,0.00176,0.00173
735.0,0.40535,0.00567,0.00414,0.00309,0.003,0.0029,0.00281
736.0,0.24042,0.00496,0.0,0.0,0.0,0.0,0.0
737.0,0.10555,0.00518,0.00365,0.0026,0.00251,0.0024,0.00231
738.0,0.38198,0.08791,0.0,0.0,0.0,0.0,0.0
739.0,0.56398,0.2461,0.0,0.0,0.0,0.0,0.0
740.0,0.64805,0.51988,0.389,0.25932,0.22763,0.22712,0.24602
741.0,0.25033,0.01688,0.0,0.0,0.0,0.0,0.0
742.0,0.74526,0.65637,0.6005,0.31771,0.27367,0.2707,0.30639
743.0,0.317,0.06088,0.0,0.0,0.0,0.0,0.0
744.0,0.49444,0.16216,0.0,0.0,0.0,0.0,0.0
745.0,0.63375,0.47658,0.346,0.25141,0.22308,0.22197,0.23597
746.0,0.63252,0.48374,0.34942,0.25122,0.22286,0.22173,0.23749
747.0,0.67957,0.54357,0.42318,0.27218,0.23764,0.2377,0.25581
748.0,0.6934,0.58193,0.46372,0.28184,0.24579,0.24033,0.26498
749.0,0.65312,0.5098,0.38711,0.26706,0.23445,0.23344,0.25027
750.0,0.67017,0.53994,0.41892,0.28912,0.25956,0.25607,0.27236
751.0,0.53762,0.10223,0.02119,0.0,0.0,0.0,0.0
752.0,0.60816,0.13496,0.02561,0.02549,0.02962,0.02959,0.0237
753.0,0.67968,0.1947,0.0448,0.04468,0.0596,0.05614,0.05001
754.0,0.60504,0.17694,0.04937,0.04925,0.06119,0.05966,0.05943
755.0,0.59467,0.17117,0.07906,0.07098,0.0807,0.08242,0.08069
756.0,0.57569,0.20378,0.09402,0.08931,0.09669,0.10263,0.09936
757.0,0.85312,0.77972,0.65899,0.45169,0.38995,0.38505,0.45112
758.0,0.826,0.76261,0.51327,0.42897,0.37285,0.36755,0.4333
759.0,0.82905,0.76397,0.52279,0.43292,0.37819,0.36919,0.43645
760.0,0.82445,0.7545,0.47957,0.42112,0.36828,0.36065,0.42263
761.0,0.80933,0.71244,0.39522,0.37344,0.33417,0.32693,0.34994
762.0,0.80845,0.73956,0.44665,0.39621,0.35078,0.34605,0.40864
763.0,0.81314,0.74364,0.45421,0.40985,0.35715,0.34998,0.4103
764.0,0.81223,0.74193,0.43673,0.40007,0.35115,0.3474,0.40349
765.0,0.80268,0.73995,0.43168,0.3872,0.34831,0.34582,0.40469
766.0,0.79136,0.72352,0.423,0.38247,0.34029,0.34093,0.37173
767.0,0.78081,0.70993,0.41646,0.37919,0.34038,0.34101,0.37351
768.0,0.80921,0.74141,0.44153,0.39806,0.35314,0.34738,0.40371
769.0,0.79556,0.73639,0.42948,0.39373,0.35198,0.34546,0.39256
770.0,0.79027,0.72172,0.42161,0.38509,0.34839,0.34205,0.38391
771.0,0.80615,0.7393,0.43335,0.39673,0.35085,0.3456,0.39405
772.0,0.82531,0.75287,0.45614,0.41013,0.35383,0.35674,0.4147
773.0,0.62641,0.38196,0.31359,0.30263,0.28093,0.27447,0.29129
774.0,0.66508,0.39477,0.31869,0.3046,0.28493,0.27642,0.29269
775.0,0.61303,0.25899,0.12069,0.11612,0.12145,0.12821,0.13194
776.0,0.65726,0.28638,0.17382,0.15944,0.15387,0.18951,0.18293
777.0,0.68649,0.29838,0.18439,0.18438,0.17209,0.19967,0.1964
778.0,0.68817,0.30152,0.19186,0.18976,0.17803,0.20597,0.19982
779.0,0.72036,0.32063,0.21339,0.20466,0.19389,0.20912,0.21357
780.0,0.68201,0.2821,0.14017,0.1392,0.13641,0.15654,0.15603
781.0,0.69958,0.29222,0.17413,0.17104,0.16108,0.19496,0.19193
782.0,0.68207,0.29405,0.18553,0.18914,0.178,0.20397,0.19812
783.0,0.67172,0.3582,0.21069,0.22699,0.21877,0.23362,0.23594
784.0,0.79869,0.62697,0.39184,0.34811,0.32403,0.32247,0.34947
785.0,0.77942,0.66144,0.39261,0.35403,0.3317,0.32243,0.36051
786.0,0.79659,0.73085,0.42408,0.37711,0.34723,0.34106,0.38114
787.0,0.80922,0.73931,0.43336,0.3848,0.34988,0.34464,0.38939
788.0,0.76466,0.6267,0.35683,0.32187,0.30845,0.30508,0.34893
789.0,0.83122,0.76244,0.49048,0.40918,0.3692,0.36055,0.42169
790.0,0.825,0.75619,0.46275,0.39725,0.36064,0.35428,0.41102
791.0,0.83246,0.76355,0.50213,0.42221,0.36987,0.36699,0.43321
792.0,0.84742,0.80085,0.71655,0.47138,0.41716,0.40825,0.49063
793.0,0.8723,0.82566,0.78358,0.49255,0.44332,0.43469,0.52982
794.0,0.86326,0.81939,0.75409,0.48577,0.42859,0.4218,0.52268
795.0,0.87033,0.83339,0.78257,0.49519,0.43756,0.42606,0.55028
796.0,0.87242,0.83485,0.78551,0.50018,0.44473,0.43675,0.56017
797.0,0.8309,0.77707,0.6576,0.45705,0.40687,0.40161,0.47438
798.0,0.86435,0.82146,0.76326,0.48446,0.42962,0.42242,0.52521
799.0,0.87431,0.83739,0.78931,0.50224,0.44555,0.43812,0.57019
800.0,0.87081,0.83387,0.78304,0.49567,0.43803,0.4292,0.5514
801.0,0.87385,0.83564,0.78628,0.50073,0.44057,0.43405,0.56084
802.0,0.86447,0.81745,0.7681,0.48314,0.43053,0.42498,0.52629
803.0,0.82803,0.77091,0.6192,0.45381,0.40307,0.3987,0.46939
804.0,0.83274,0.78116,0.66322,0.45705,0.40771,0.40211,0.4777
805.0,0.85045,0.80463,0.72592,0.47176,0.42012,0.41618,0.50484
806.0,0.84361,0.79423,0.71363,0.46755,0.41144,0.40715,0.49092
807.0,0.86415,0.82441,0.76946,0.48624,0.42856,0.42234,0.52922
808.0,0.86036,0.81473,0.74562,0.47918,0.42444,0.41959,0.52121
809.0,0.83653,0.79214,0.7129,0.46709,0.41098,0.4057,0.48856
810.0,0.85828,0.81213,0.74003,0.47736,0.4243,0.41945,0.51445
811.0,0.847,0.79797,0.72091,0.47242,0.42682,0.42044,0.49637
812.0,0.81975,0.77836,0.66701,0.45562,0.40467,0.40089,0.4755
813.0,0.8101,0.76689,0.60521,0.44639,0.39631,0.39701,0.46391
814.0,0.78329,0.72484,0.52015,0.43113,0.3912,0.38879,0.44446
815.0,0.87016,0.83285,0.78354,0.49885,0.42611,0.42858,0.55761
816.0,0.86955,0.8343,0.7854,0.49887,0.435,0.43023,0.56401
817.0,0.8524,0.80529,0.74497,0.4927,0.44615,0.44676,0.50568
818.0,0.87577,0.8359,0.78308,0.50118,0.45487,0.45031,0.55017
819.0,0.86801,0.82283,0.75229,0.48759,0.45206,0.44643,0.52507
820.0,0.82934,0.78819,0.69592,0.46646,0.42945,0.42532,0.48899
821.0,0.81768,0.77392,0.6581,0.45503,0.40678,0.40399,0.47251
822.0,0.77248,0.67951,0.42632,0.38507,0.35094,0.34614,0.39677
823.0,0.78821,0.73491,0.5041,0.42842,0.38183,0.38201,0.43974
824.0,0.74532,0.60086,0.4302,0.3927,0.35474,0.35362,0.40344
825.0,0.74487,0.56767,0.42797,0.39536,0.353,0.34833,0.40912
826.0,0.61295,0.4373,0.377,0.35133,0.319,0.32648,0.36758
827.0,0.77168,0.68555,0.47542,0.42,0.37329,0.37153,0.42762
828.0,0.76435,0.6491,0.45183,0.41266,0.36775,0.36866,0.42359
829.0,0.86883,0.82338,0.78553,0.55279,0.47175,0.47157,0.58558
830.0,0.83796,0.80358,0.73291,0.5109,0.46622,0.46308,0.5355
831.0,0.8143,0.76942,0.60719,0.45384,0.40671,0.40799,0.466
832.0,0.76427,0.62321,0.49637,0.45033,0.41939,0.41991,0.45759
833.0,0.89572,0.85366,0.83291,0.61477,0.49266,0.51092,0.62351
834.0,0.88557,0.84234,0.80811,0.58565,0.48739,0.49029,0.61002
835.0,0.88493,0.84089,0.80442,0.57857,0.48257,0.49856,0.60726
836.0,0.87911,0.83839,0.8067,0.58893,0.47009,0.49599,0.60786
837.0,0.83022,0.78857,0.72282,0.50983,0.46654,0.48523,0.54211
838.0,0.49047,0.4076,0.37453,0.36246,0.33635,0.3519,0.39356
839.0,0.42803,0.37691,0.35996,0.3456,0.32174,0.3345,0.37213
840.0,0.76113,0.69403,0.59025,0.43867,0.40621,0.41181,0.46806
841.0,0.74209,0.67027,0.53817,0.41635,0.38842,0.3973,0.45149
842.0,0.84308,0.79009,0.73089,0.49976,0.45948,0.47089,0.5563
843.0,0.83889,0.79129,0.74942,0.52845,0.49506,0.50855,0.56644
844.0,0.25308,0.24839,0.24504,0.24082,0.23602,0.23813,0.25601
845.0,0.24202,0.23273,0.23119,0.22286,0.22016,0.22005,0.23974
846.0,0.59758,0.45344,0.39316,0.36271,0.33851,0.34602,0.38699
847.0,0.76104,0.70066,0.619,0.43056,0.39791,0.40334,0.46685
848.0,0.7288,0.66849,0.58975,0.41806,0.40217,0.42535,0.45504
849.0,0.66244,0.56306,0.4783,0.37662,0.36408,0.37669,0.40708
850.0,0.66881,0.58656,0.52183,0.38251,0.36518,0.38489,0.41584
851.0,0.81497,0.77491,0.71717,0.50231,0.46153,0.47581,0.54243
852.0,0.84508,0.8075,0.77631,0.55454,0.51808,0.53775,0.56718
853.0,0.85493,0.82032,0.80162,0.56934,0.54429,0.55103,0.57763
854.0,0.86027,0.82662,0.80116,0.57311,0.54709,0.55917,0.59441
855.0,0.87769,0.83729,0.82804,0.66132,0.55757,0.57961,0.62475
856.0,0.85117,0.81288,0.79444,0.56882,0.53532,0.53758,0.56954
857.0,0.88932,0.85515,0.83515,0.66288,0.57381,0.5878,0.61496
858.0,0.89595,0.86492,0.84658,0.67,0.58608,0.59402,0.62453
859.0,0.88999,0.8543,0.83718,0.63689,0.57936,0.58598,0.61321
860.0,0.90008,0.86821,0.84543,0.66704,0.58916,0.59629,0.62459
861.0,0.89945,0.86719,0.84569,0.67098,0.5854,0.59757,0.62398
862.0,0.91647,0.87555,0.86101,0.7287,0.60533,0.63263,0.64747
863.0,0.93687,0.89665,0.87727,0.83218,0.6754,0.67023,0.66391
864.0,0.88838,0.85529,0.84139,0.65517,0.58132,0.59885,0.6219
865.0,0.88802,0.85303,0.83957,0.63623,0.58408,0.58946,0.61595
866.0,0.85547,0.8213,0.7909,0.56492,0.53217,0.55103,0.58685
867.0,0.83424,0.79461,0.76121,0.54417,0.50694,0.52439,0.55561
868.0,0.78731,0.73923,0.66216,0.45877,0.43048,0.44772,0.49844
869.0,0.88408,0.84643,0.83412,0.64676,0.57154,0.57945,0.61042
870.0,0.921,0.87179,0.86113,0.74211,0.614,0.64173,0.64947
871.0,0.88747,0.84903,0.83733,0.65363,0.57554,0.58565,0.61782
872.0,0.84614,0.81429,0.79468,0.56713,0.52695,0.53831,0.56566
873.0,0.74571,0.71642,0.62509,0.43651,0.42036,0.43607,0.47931
874.0,0.3479,0.30326,0.25789,0.24843,0.24637,0.24901,0.27267
875.0,0.23052,0.2345,0.21864,0.21641,0.21474,0.2191,0.24014
876.0,0.81886,0.78431,0.70891,0.51393,0.49642,0.51234,0.54479
877.0,0.78334,0.73529,0.65456,0.51896,0.48264,0.50523,0.52865
878.0,0.72123,0.60993,0.49981,0.42232,0.41406,0.42602,0.47863
879.0,0.77754,0.70514,0.61536,0.44841,0.42562,0.44746,0.50927
880.0,0.80392,0.7611,0.66527,0.48277,0.45927,0.48214,0.5227
881.0,0.81479,0.76768,0.6809,0.49308,0.46811,0.49242,0.53547
882.0,0.81474,0.7674,0.67567,0.4958,0.46744,0.49366,0.53576
883.0,0.7833,0.71495,0.61682,0.44811,0.42455,0.44962,0.50596
884.0,0.84075,0.80304,0.73748,0.5263,0.49907,0.51744,0.553
885.0,0.89261,0.85688,0.83363,0.6067,0.56923,0.58856,0.60105
886.0,0.80983,0.76156,0.69095,0.49124,0.46907,0.48456,0.51783
887.0,0.85508,0.8123,0.76699,0.54299,0.51261,0.53716,0.56718
888.0,0.83375,0.79107,0.71399,0.5072,0.48693,0.50759,0.5406
889.0,0.84961,0.81067,0.76009,0.53886,0.50516,0.52732,0.56472
890.0,0.83798,0.78967,0.70546,0.50734,0.48687,0.50363,0.54299
891.0,0.63555,0.45424,0.39637,0.37889,0.3738,0.37865,0.40595
892.0,0.78077,0.74327,0.64927,0.4725,0.44364,0.46467,0.49756
893.0,0.53158,0.41761,0.3719,0.36397,0.35749,0.36346,0.39
894.0,0.3036,0.28917,0.28106,0.28122,0.27814,0.28472,0.30483
895.0,0.2141,0.20501,0.20344,0.20177,0.20232,0.2069,0.21601
896.0,0.22931,0.22021,0.21476,0.21068,0.21467,0.22526,0.24367
897.0,0.2127,0.21277,0.2096,0.20537,0.21094,0.2092,0.22512
898.0,0.14568,0.14268,0.14137,0.14136,0.14489,0.144,0.14944
899.0,0.8638,0.77023,0.62291,0.55045,0.46156,0.50258,0.51541
900.0,0.8292,0.73528,0.54775,0.48744,0.42139,0.46914,0.48667
901.0,0.78748,0.67844,0.43915,0.42526,0.38654,0.43421,0.46944
902.0,0.80518,0.69682,0.45302,0.44004,0.3956,0.44416,0.4791
903.0,0.7715,0.63313,0.3938,0.38783,0.36351,0.40035,0.4502
904.0,0.83719,0.73894,0.53782,0.48332,0.4157,0.47182,0.49631
905.0,0.80921,0.70001,0.46079,0.44442,0.39404,0.44606,0.48368
906.0,0.77135,0.62341,0.39347,0.39429,0.36318,0.40895,0.45063
907.0,0.74388,0.50588,0.35759,0.35942,0.33957,0.36442,0.43417
908.0,0.68177,0.43141,0.32919,0.32798,0.32012,0.34065,0.4082
909.0,0.62085,0.3944,0.31617,0.31238,0.30695,0.32074,0.38905
910.0,0.70384,0.5248,0.41897,0.39671,0.38798,0.39956,0.4613
911.0,0.78157,0.64484,0.42279,0.41496,0.39378,0.42879,0.47087
912.0,0.70537,0.5427,0.44271,0.40158,0.38949,0.40659,0.46211
913.0,0.73807,0.53307,0.40743,0.39709,0.38528,0.39979,0.46208
914.0,0.66792,0.44184,0.34783,0.35245,0.33664,0.35719,0.4211
915.0,0.73298,0.52357,0.37439,0.37772,0.36818,0.38401,0.4528
916.0,0.6528,0.44688,0.34905,0.35263,0.33847,0.35789,0.42263
917.0,0.52438,0.38588,0.32917,0.33449,0.32307,0.33446,0.39327
918.0,0.69028,0.45798,0.35683,0.35862,0.34382,0.36428,0.43509
919.0,0.44802,0.35622,0.31103,0.31496,0.30752,0.31666,0.34752
920.0,0.49589,0.36871,0.31755,0.32089,0.30681,0.32664,0.37884
921.0,0.53815,0.36317,0.30834,0.31151,0.30155,0.31934,0.36718
922.0,0.47985,0.33844,0.29082,0.28254,0.28258,0.29801,0.32808
923.0,0.45126,0.3285,0.28475,0.2887,0.28119,0.2927,0.31969
924.0,0.4262,0.32089,0.28005,0.28313,0.2757,0.28936,0.31453
925.0,0.33181,0.2688,0.24161,0.24155,0.23964,0.24503,0.26307
926.0,0.4299,0.32882,0.28847,0.29155,0.28412,0.29568,0.31981
927.0,0.38015,0.30356,0.27254,0.27444,0.27145,0.28301,0.29759
928.0,0.37763,0.31063,0.28073,0.2853,0.2791,0.29257,0.30479
929.0,0.3413,0.29788,0.27289,0.27332,0.26872,0.27424,0.28544
930.0,0.7452,0.54521,0.31595,0.30865,0.29877,0.32791,0.40637
931.0,0.74774,0.5205,0.28798,0.2845,0.27596,0.28937,0.39169
932.0,0.70768,0.48238,0.34294,0.34663,0.32739,0.34809,0.41536
933.0,0.75505,0.37333,0.3149,0.31437,0.31828,0.31673,0.41382
934.0,0.75545,0.34652,0.29536,0.29449,0.30187,0.29571,0.4055
935.0,0.70093,0.29953,0.27006,0.26517,0.27572,0.26499,0.35529
936.0,0.73362,0.31765,0.27692,0.27684,0.28079,0.2737,0.37981
937.0,0.64991,0.26267,0.23088,0.23226,0.2373,0.22626,0.29846
938.0,0.6043,0.2503,0.22445,0.22313,0.22985,0.21914,0.26545
939.0,0.68359,0.32799,0.28423,0.2772,0.2871,0.29137,0.36529
940.0,0.58117,0.31793,0.26969,0.26957,0.27334,0.28438,0.32001
941.0,0.40462,0.27621,0.24574,0.24145,0.25084,0.24962,0.2794
942.0,0.5278,0.28663,0.25314,0.25211,0.25561,0.26013,0.29738
943.0,0.67398,0.28621,0.25994,0.25721,0.26059,0.25674,0.33357
944.0,0.62667,0.27374,0.24125,0.23747,0.2476,0.24189,0.30304
945.0,0.26595,0.21908,0.20895,0.20723,0.20897,0.20688,0.21546
946.0,0.55737,0.24834,0.22253,0.2242,0.23167,0.22301,0.2765
947.0,0.66995,0.42686,0.32757,0.32747,0.31881,0.3398,0.40728
948.0,0.4972,0.35159,0.29431,0.2952,0.2957,0.30416,0.34863
949.0,0.29631,0.22496,0.21241,0.20931,0.21204,0.20997,0.22888
950.0,0.34351,0.25718,0.22416,0.21919,0.22711,0.23463,0.25932
951.0,0.23895,0.16723,0.17918,0.18116,0.1811,0.18077,0.1845
952.0,0.22423,0.14916,0.15851,0.1562,0.15876,0.16161,0.01937
953.0,0.30265,0.09722,0.0,0.0,0.0,0.0,0.0
954.0,0.3547,0.26111,0.22773,0.22392,0.23659,0.23795,0.26134
955.0,0.28047,0.22113,0.21162,0.20911,0.21074,0.20899,0.22102
956.0,0.2522,0.20986,0.20492,0.20284,0.20485,0.20224,0.21013
957.0,0.27326,0.22106,0.20986,0.20758,0.20988,0.20979,0.21481
958.0,0.34258,0.24124,0.21969,0.21348,0.22226,0.2252,0.2569
959.0,0.29021,0.22555,0.21393,0.21142,0.21305,0.21096,0.22299
960.0,0.21023,0.17763,0.18607,0.18222,0.18494,0.18092,0.1854
961.0,0.55363,0.00522,0.00329,0.00311,0.00302,0.00258,0.00256
962.0,0.14575,0.00582,0.00389,0.00371,0.00362,0.00318,0.00316
963.0,0.1869,0.0055,0.00357,0.00354,0.0035,0.0,0.0
964.0,0.14585,0.00423,0.0,0.0,0.0,0.0,0.0
965.0,0.41268,0.21455,0.19962,0.20057,0.20355,0.1972,0.23277
966.0,0.5297,0.00495,0.00303,0.00287,0.0028,0.00236,0.00235
967.0,0.25886,0.19209,0.18725,0.18521,0.18681,0.18278,0.19557
968.0,0.29679,0.20099,0.19131,0.18924,0.19164,0.19219,0.21016
969.0,0.42651,0.00578,0.00384,0.00366,0.00357,0.00312,0.0031
970.0,0.21137,0.00549,0.0,0.0,0.0,0.0,0.0
971.0,0.2504,0.00526,0.00333,0.00316,0.00307,0.00263,0.00262
972.0,0.21104,0.16313,0.163,0.15852,0.16437,0.16282,0.17015
973.0,0.18694,0.14958,0.17973,0.17775,0.17866,0.17451,0.17584
974.0,0.25743,0.18812,0.18595,0.18383,0.18502,0.18234,0.19277
975.0,0.25468,0.01169,0.0,0.0,0.0,0.0,0.0
976.0,0.23276,0.02169,0.04363,0.04362,0.0436,0.04358,0.04556
977.0,0.2481,0.19375,0.20531,0.19669,0.20223,0.20001,0.20644
978.0,0.12963,0.10812,0.11611,0.11668,0.11838,0.11863,0.12332
979.0,0.1576,0.06939,0.10174,0.10138,0.10171,0.10236,0.10354
980.0,0.23822,0.02435,0.04568,0.04567,0.04566,0.04653,0.04649
981.0,0.22644,0.04209,0.06044,0.05971,0.05969,0.06039,0.06275
982.0,0.2137,0.01166,0.0,0.0,0.0,0.0,0.0
983.0,0.16079,0.01887,0.03208,0.03207,0.03206,0.03205,0.03267
984.0,0.14487,0.01031,0.02036,0.02034,0.02033,0.02031,0.02146
985.0,0.17576,0.0,0.0,0.0,0.0,0.0,0.0
986.0,0.12423,0.09733,0.10491,0.1036,0.1046,0.10617,0.10906
