{
  "objects": [
    {
      "circle": {
        "coordinates": [
          40.711362,
          -73.947694
        ],
        "id": 1
      }
    },
    {
      "circle": {
        "coordinates": [
          40.699218,
          -73.937732
        ],
        "id": 2
      }
    },
    {
      "circle": {
        "coordinates": [
          40.706466,
          -74.008098
        ],
        "id": 3
      }
    },
    {
      "circle": {
        "coordinates": [
          40.722155,
          -73.981887
        ],
        "id": 4
      }
    },
    {
      "circle": {
        "coordinates": [
          40.736274,
          -73.990213
        ],
        "id": 5
      }
    }
  ]
}